combination_id,LAYERS,BATCH_SIZE,LEARNING_RATE,EPOCHS,ACTIVATION,OPTIMIZER,DROPOUT_RATE,USE_BATCH_NORM,USE_LR_REDUCTION,PATIENCE,mean_loss,std_loss,mean_mae,std_mae,mean_mape,std_mape,execution_time
1,"(64, 32)",32,0.001,50,relu,adam,0,False,False,10,351.2651837684684,239.6134020908959,14.762667609928819,5.187378630426214,0.16699851231972845,0.06425921766374955,82.48250222206116
2,"(64, 32)",32,0.01,50,relu,adam,0,False,False,10,351.2651837684684,239.6134020908959,14.762667609928819,5.187378630426214,0.16699851231972845,0.06425921766374955,84.8994734287262
3,"(64, 32)",64,0.001,50,relu,adam,0,False,False,10,351.2651837684684,239.6134020908959,14.762667609928819,5.187378630426214,0.16699851231972845,0.06425921766374955,86.07074666023254
4,"(64, 32)",64,0.01,50,relu,adam,0,False,False,10,351.2651837684684,239.6134020908959,14.762667609928819,5.187378630426214,0.16699851231972845,0.06425921766374955,86.68486785888672
