subj,predicted,actual
P1,121.0336,107.4
P1,114.02225,117.9
P1,238.7296,250.2
P1,235.90584,252.9
P1,226.8145,219.2
P1,230.31845,244.1
P1,124.380974,114.6
P1,230.79956,239.4
P1,121.0336,106.8
P1,118.31828,149.7
P1,119.789215,132.3
P1,229.5379,227.6
P1,234.64418,236.5
P1,229.5379,201.9
P1,240.9719,262.2
P1,231.17711,220.6
P1,234.64418,226.8
P1,234.64418,267.3
P1,121.0336,109.0
P1,117.0739,104.2
P1,121.0336,119.9
P1,121.0336,107.2
P1,230.31845,227.9
P1,245.06377,292.6
P1,226.6662,236.6
P1,224.02762,204.2
P1,245.14977,288.3
P1,121.0336,109.3
P1,111.079445,90.9
P1,240.29816,292.6
P1,121.0336,118.1
P1,108.76021,96.0
P1,113.79476,124.4
P1,229.03882,239.2
P1,117.290146,138.0
P1,240.9719,291.2
P1,117.0739,103.4
P1,121.0336,105.9
P1,233.04185,290.7
P1,121.0336,110.3
P1,231.2173,224.9
P1,111.079445,91.1
P1,111.30693,97.4
P1,240.9719,290.4
P1,221.69957,220.2
P1,245.14977,259.2
P1,230.31845,237.0
P1,229.03882,237.6
P1,226.6662,191.0
P1,237.46794,231.9
P1,242.60847,275.4
P1,115.120514,91.3
P1,234.30351,288.9
P1,122.10845,146.7
P1,121.0336,118.1
P1,121.0336,105.9
P1,107.73207,93.5
P1,108.76021,94.3
P1,118.76108,105.5
P1,108.76021,97.7
P1,237.46794,228.4
P1,117.0739,105.9
P1,107.73207,89.4
P1,232.09283,219.4
P1,117.0739,110.0
P1,237.51128,287.4
P1,117.0739,100.5
P1,229.03882,249.5
P1,121.0336,125.7
P1,238.7296,227.0
P1,237.04483,226.8
P1,121.0336,109.5
P1,237.40134,262.2
P1,234.64418,194.0
P1,121.0336,108.6
P1,236.18831,228.4
P1,107.73207,93.9
P1,238.7296,272.9
P1,235.90584,231.6
P1,245.14977,281.5
P1,111.475525,90.9
P1,110.27879,90.5
P1,110.27879,97.5
P1,107.73207,92.5
P1,107.73207,91.7
P1,124.380974,114.7
P1,223.99074,219.7
P1,232.09283,209.4
P1,234.64418,201.9
P1,117.0739,104.2
P1,229.03882,237.0
P1,237.46794,246.8
P1,242.23355,292.8
P1,111.079445,97.5
P1,245.14977,261.7
P1,238.50311,267.0
P1,229.03882,219.2
P1,117.0739,104.5
P1,117.0739,104.1
P1,117.0739,103.7
P1,230.31845,224.9
P1,121.0336,105.4
P1,229.70638,289.1
P1,117.0739,100.3
P1,235.94272,270.0
P1,238.7296,241.5
P1,121.0336,118.5
P1,116.04576,90.5
P1,107.73207,90.0
P1,121.0336,109.9
P1,229.5379,196.6
P1,231.17711,222.2
P1,239.69226,274.3
P1,231.58011,233.8
P1,117.0739,105.2
P1,231.17711,236.3
P1,117.0739,105.5
P1,124.380974,115.3
P1,121.0336,118.3
P1,117.0739,103.9
P1,121.0336,119.5
P1,223.99074,208.0
P1,230.31845,221.2
P1,242.23355,292.8
P1,223.65007,290.7
P1,107.73207,90.0
P1,108.76021,94.3
P1,239.40979,224.3
P1,123.766396,117.8
P1,121.0336,109.6
P1,121.0336,108.4
P1,108.76021,92.2
P1,236.6303,229.0
P1,121.0336,108.5
P1,117.0739,117.0
P1,233.68887,246.3
P1,108.76021,94.2
P1,117.0739,101.6
P1,240.95392,282.5
P1,117.0739,104.2
P1,220.52367,219.7
P1,107.73207,86.4
P1,121.0336,109.8
P1,230.31845,239.2
P1,237.46794,238.9
P1,117.0739,108.7
P1,231.17711,224.9
P1,122.10845,143.8
P1,236.18831,203.8
P1,245.14977,269.2
P1,237.46794,243.7
P1,242.23355,239.2
P1,225.53487,227.8
P1,121.0336,121.6
P1,226.8145,227.3
P1,243.8881,262.8
P1,227.8421,285.6
P1,117.0739,104.1
P1,237.44997,239.4
P1,238.42055,250.2
P1,221.78532,206.4
P1,121.0336,108.5
P1,121.0336,114.7
P1,226.93793,207.6
P1,110.27879,96.7
P1,107.73207,91.0
P1,118.31828,126.0
P1,230.79956,231.5
P1,240.9719,293.3
P1,245.06377,288.2
P1,117.0739,107.3
P1,231.77248,235.8
P1,121.0336,115.8
P1,117.0739,102.6
P1,237.46794,274.0
P1,242.60847,261.3
P1,108.76021,96.0
P1,117.0739,111.1
P1,117.0739,101.5
P1,229.5379,211.7
P1,231.58011,227.9
P1,233.6709,227.4
P1,117.0739,104.1
P1,242.24,293.1
P1,229.03882,244.3
P1,243.8881,259.9
P1,233.3166,220.6
P1,222.38841,216.5
P1,121.0336,106.9
P1,234.64418,215.5
P1,233.68887,233.6
P1,117.0739,107.7
P1,114.8229,101.9
P1,108.76021,91.9
P1,117.0739,107.3
P1,107.73207,92.8
P1,231.17711,207.9
P1,226.8145,234.2
P1,223.65007,224.3
P1,226.6662,212.9
P1,107.73207,92.2
P1,107.73207,95.6
P1,230.31845,232.7
P1,234.64418,209.4
P1,119.789215,128.0
P1,107.73207,89.4
P1,245.14977,269.9
P1,111.079445,90.9
P1,237.44997,236.3
P1,121.0336,112.9
P1,222.38841,210.4
P1,107.73207,91.0
P1,121.0336,136.0
P1,111.079445,90.9
P1,228.3054,191.0
P1,229.5379,241.5
P1,230.31845,236.9
P1,230.31845,243.8
P1,235.26898,269.7
P1,226.6662,290.2
P1,117.0739,101.6
P1,237.44997,246.0
P1,229.5379,216.6
P1,121.0336,114.1
P1,148.63327,178.9
P1,230.79956,219.6
P1,239.40979,295.1
P1,117.0739,102.8
P1,117.0739,105.5
P1,107.73207,89.4
P1,234.64418,254.6
P1,124.380974,121.9
P1,240.9719,281.6
P1,236.18831,203.8
P1,241.55981,288.2
P1,237.44997,254.9
P1,223.43398,226.9
P1,230.79956,210.5
P1,222.38841,214.0
P1,107.73207,89.4
P1,119.789215,127.9
P1,230.31845,222.2
P1,114.8229,133.3
P1,124.380974,123.7
P1,243.8881,244.9
P1,242.23355,276.6
P1,220.52367,234.1
P1,121.0336,111.1
P1,107.73207,94.2
P1,117.0739,105.9
P1,121.0336,128.0
P1,220.52367,232.8
P1,117.0739,149.7
P1,223.99074,226.8
P1,234.30351,270.0
P1,230.31845,231.5
P1,238.14813,255.1
P1,117.0739,100.7
P1,117.0739,105.7
P1,117.0739,101.5
P1,117.0739,107.6
P1,240.97835,285.0
P1,237.46794,230.8
P1,238.14813,228.7
P1,225.40454,210.5
P1,230.31845,228.9
P1,230.31845,221.9
P1,124.380974,115.3
P1,117.0739,105.2
P1,231.58011,221.8
P1,117.0739,104.1
P1,218.88446,225.2
P1,237.46794,272.9
P1,118.86397,108.4
P1,234.68106,244.3
P1,117.0739,104.3
P1,242.52248,285.0
P1,124.380974,105.4
P1,243.8881,259.9
P1,223.99074,218.4
P1,234.64418,233.0
P1,229.5379,214.5
P1,225.28928,223.9
P1,107.73207,96.8
P1,231.17711,237.9
P1,117.0739,105.6
P1,220.14612,233.5
P1,121.0336,103.9
P1,107.73207,91.1
P1,117.0739,105.7
P1,107.73207,91.3
P1,228.57713,221.2
P1,117.0739,107.1
P1,116.04576,92.0
P1,230.31845,229.6
P1,242.23355,257.9
P1,117.0739,105.2
P1,240.95392,271.3
P1,242.23355,281.6
P1,117.0739,106.1
P1,119.789215,139.6
P1,230.31845,242.5
P1,234.64418,201.3
P1,242.23355,223.0
P1,230.31845,236.9
P1,121.0336,107.2
P1,111.30693,96.8
P1,123.13659,139.6
P1,117.0739,105.8
P1,120.00546,121.1
P1,117.0739,107.8
P1,242.23355,293.3
P1,233.80653,229.5
P1,117.0739,105.8
P1,233.04185,270.0
P1,238.14813,282.8
P1,231.17711,196.6
P1,117.0739,106.9
P1,232.40924,254.4
P1,218.88446,219.7
P1,117.0739,106.7
P1,123.13659,143.0
P1,121.0336,128.4
P1,117.0739,104.3
P1,229.5379,199.2
P1,107.73207,94.2
P1,230.31845,224.9
P1,107.73207,87.3
P1,226.6662,216.0
P1,119.789215,139.6
P1,231.17711,212.0
P1,229.5379,229.0
P1,230.31845,249.5
P1,230.31845,237.6
P1,230.31845,243.8
P1,117.0739,102.0
P1,111.079445,91.1
P1,218.88446,204.4
P1,117.0739,117.0
P1,236.18831,269.9
P1,117.0739,115.3
P1,236.18831,229.9
P1,107.73207,87.2
P1,234.22935,267.5
P1,230.51082,211.7
P1,108.76021,95.9
P1,238.62587,275.4
P1,218.88446,215.3
P1,124.380974,127.9
P1,117.0739,102.9
P1,124.380974,127.9
P1,231.17711,212.0
P1,230.31845,226.2
P1,240.9719,287.0
P1,231.80936,236.6
P1,234.68106,260.0
P1,237.59727,269.9
P1,237.44997,246.0
P1,117.0739,100.5
P1,230.31845,244.0
P1,107.73207,97.6
P1,117.0739,105.2
P1,117.0739,107.4
P1,121.0336,128.0
P1,117.0739,130.4
P1,222.25488,226.9
P1,117.0739,111.5
P1,111.079445,90.9
P1,117.0739,106.7
P1,230.31845,227.3
P1,230.31845,227.4
P1,235.36864,223.6
P1,107.73207,91.1
P1,245.14977,262.5
P1,229.5379,208.0
P1,234.30351,274.5
P1,123.13659,140.7
P1,226.8145,225.2
P1,235.90584,226.8
P1,117.0739,111.3
P1,117.0739,121.1
P1,242.23355,257.9
P1,107.73207,88.4
P1,121.0336,110.7
P1,237.46794,250.2
P1,107.73207,89.5
P1,117.0739,106.8
P1,117.0739,106.8
P1,238.7296,262.8
P1,230.31845,217.8
P1,117.0739,109.6
P1,117.0739,101.3
P1,108.76021,97.0
P1,234.68106,281.6
P1,229.5379,210.4
P1,236.18831,201.3
P1,237.46794,238.9
P1,226.6662,269.7
P1,231.17711,214.3
P1,231.17711,239.4
P1,225.2524,219.4
P1,234.64418,212.0
P1,240.9719,255.9
P1,118.31828,138.0
P1,107.73207,87.2
P1,230.31845,237.0
P1,121.0336,118.1
P1,230.31845,220.4
P1,117.0739,90.5
P1,117.0739,103.4
P1,117.0739,130.4
P1,112.10758,91.1
P1,121.0336,118.4
P1,233.68887,232.4
P1,117.0739,103.8
P1,107.73207,96.7
P1,114.02225,105.5
P1,242.23355,276.6
P1,234.95053,250.3
P1,111.52318,92.0
P1,121.0336,107.2
P1,117.0739,103.6
P1,243.80211,285.6
P1,234.60962,234.9
P1,108.976456,91.6
P1,233.80653,229.5
P1,238.7296,238.9
P1,230.31845,243.8
P1,230.31845,234.6
P1,240.95392,274.6
P1,121.0336,112.9
P1,240.95392,288.9
P1,107.73207,89.8
P1,238.7296,235.6
P1,107.73207,91.6
P1,107.73207,92.0
P1,218.88446,214.8
P1,237.13373,290.7
P1,238.7296,246.8
P1,233.3166,231.7
P1,139.27849,117.9
P1,231.58011,214.0
P1,107.73207,91.3
P1,110.44739,90.0
P1,238.7296,239.7
P1,121.0336,108.5
P1,117.0739,113.2
P1,237.59727,234.3
P1,117.0739,106.1
P1,117.290146,91.3
P1,117.0739,110.8
P1,234.95053,260.3
P1,117.0739,104.0
P1,117.0739,108.7
P1,117.0739,107.7
P1,237.46794,235.3
P1,121.0336,118.4
P1,233.68887,227.3
P1,121.0336,111.1
P1,107.73207,89.5
P1,110.27879,92.8
P1,234.64418,239.4
P1,236.18831,272.5
P1,121.0336,124.0
P1,121.0336,109.5
P1,112.10758,91.1
P1,239.40979,292.2
P1,239.40979,292.6
P1,121.0336,105.3
P1,226.6662,216.0
P1,121.0336,124.6
P1,114.02225,126.0
P1,229.5379,233.0
P1,227.04375,227.3
P1,233.68887,262.2
P1,108.76021,94.3
P1,243.80211,288.9
P1,110.27879,87.3
P1,243.80211,280.5
P1,223.65007,218.5
P1,121.0336,107.4
P1,243.8881,259.2
P1,242.23355,257.9
P1,107.73207,92.5
P1,239.69226,287.4
P1,110.27879,88.1
P1,121.05107,178.9
P1,222.38841,221.2
P1,240.9719,290.2
P1,107.73207,89.8
P1,121.0336,118.1
P1,124.380974,121.3
P1,237.21973,288.3
P1,107.73207,97.1
P1,110.27879,96.0
P1,107.73207,92.2
P1,117.0739,105.9
P1,233.68887,227.9
P1,121.0336,105.3
P1,229.5379,215.5
P1,226.6662,211.6
P1,230.31845,228.9
P1,113.79476,101.9
P1,240.95392,293.0
P1,118.76108,114.0
P1,117.0739,102.6
P1,245.14977,275.4
P1,234.68106,250.4
P1,233.68887,244.1
P1,121.0336,105.4
P1,107.73207,88.1
P1,121.0336,108.5
P1,231.17711,205.4
P1,238.14813,249.3
P1,237.46794,231.1
P1,232.0442,225.1
P1,226.6662,285.6
P1,121.0336,118.5
P1,117.0739,107.3
P1,111.475525,90.0
P1,117.0739,109.6
P1,218.88446,227.3
P1,117.0739,106.5
P1,218.88446,211.5
P1,117.0739,107.7
P1,111.079445,97.5
P1,121.0336,109.7
P1,231.58011,234.6
P1,242.23355,249.3
P1,107.73207,88.4
P1,121.0336,106.8
P1,227.49469,205.2
P1,223.5675,244.3
P1,225.53487,227.9
P1,227.49469,214.1
P1,107.73207,86.7
P1,242.23355,292.8
P1,242.23355,255.4
P1,117.0739,106.4
P1,234.64418,238.0
P1,238.7296,231.1
P1,117.0739,107.3
P1,108.76021,91.7
P1,230.31845,226.2
P1,108.76021,99.8
P1,117.0739,110.8
P1,117.0739,104.1
P1,239.6822,291.2
P1,239.40979,239.2
P1,239.40979,262.2
P1,222.38841,223.0
P1,117.0739,104.0
P2,73.6081,69.6
P2,95.52734,97.3
P2,96.47621,97.3
P2,94.974655,93.2
P2,97.12476,101.7
P2,96.9566,100.9
P2,95.35918,97.7
P2,72.14707,68.7
P2,95.35918,99.8
P2,97.12476,98.3
P2,95.52734,92.6
P2,99.62141,110.7
P2,95.35918,99.8
P2,99.41305,101.9
P2,95.35918,92.8
P2,95.35918,104.0
P2,95.35918,92.8
P2,95.35918,90.0
P2,95.7357,93.1
P2,95.35918,95.1
P2,95.52734,95.5
P2,95.52734,91.4
P2,96.92624,98.9
P2,72.14707,69.1
P2,94.530014,91.9
P2,90.45448,89.4
P2,95.35918,90.9
P2,72.14707,68.7
P2,72.14707,68.1
P2,96.308044,99.4
P2,96.308044,96.1
P2,95.52734,97.6
P2,97.12476,98.8
P2,95.35918,91.2
P2,95.7357,103.0
P2,72.14707,68.3
P2,94.88616,94.6
P2,96.9566,96.4
P2,97.12476,98.3
P2,95.35918,97.7
P2,72.14707,68.1
P2,95.35918,102.7
P2,95.35918,104.1
P2,97.12476,98.9
P2,97.12476,97.1
P2,94.69818,91.5
P2,95.35918,92.9
P2,100.34639,113.5
P2,96.9566,98.0
P2,100.13803,96.7
P2,72.14707,68.1
P2,93.67744,86.8
P2,100.13803,96.7
P2,96.9566,97.1
P2,99.41305,94.7
P2,97.12476,98.4
P2,94.530014,98.0
P2,96.9566,94.8
P2,72.14707,67.9
P2,94.15383,89.0
P2,73.6081,73.3
P2,95.567535,92.2
P2,95.35918,95.3
P2,95.52734,104.4
P2,95.35918,92.1
P2,95.35918,93.6
P2,97.12476,96.4
P2,99.62141,100.7
P2,95.35918,98.9
P2,73.95849,71.4
P2,76.61227,68.3
P2,94.7663,95.5
P2,96.47621,98.6
P2,96.47621,95.6
P2,73.26896,69.5
P2,95.35918,98.2
P2,73.95849,72.9
P2,95.52734,100.4
P2,72.14707,68.4
P2,96.102135,100.8
P2,100.34639,94.2
P2,72.34468,70.0
P2,96.16694,92.2
P2,97.12476,96.2
P2,96.9566,95.7
P2,99.62141,94.2
P2,100.13803,105.4
P2,97.24322,97.7
P2,97.33312,99.3
P2,72.14707,68.1
P2,99.41305,112.5
P2,97.12476,96.0
P2,94.33843,94.3
P2,95.52734,89.1
P2,97.24322,95.4
P2,97.24322,97.3
P2,72.14707,67.8
P2,73.95849,73.3
P2,96.92624,97.9
P2,97.33312,96.4
P2,96.102135,103.8
P2,95.35918,98.3
P2,96.308044,100.1
P2,84.21428,82.9
P2,75.080376,71.5
P2,95.23001,90.9
P2,97.12476,97.6
P2,100.13803,102.6
P2,97.12476,103.8
P2,94.7663,95.7
P2,96.92624,97.8
P2,95.35918,92.9
P2,100.71282,106.8
P2,99.650314,106.8
P2,95.7357,101.9
P2,72.14707,68.1
P2,97.12476,95.8
P2,100.13803,105.4
P2,97.12476,98.3
P2,72.14707,68.4
P2,100.34639,99.6
P2,95.35918,92.4
P2,95.35918,92.5
P2,95.35918,93.1
P2,73.63331,71.3
P2,96.9566,95.6
P2,97.12476,101.7
P2,96.9566,94.5
P2,95.52734,91.8
P2,95.7357,102.2
P2,95.52734,90.8
P2,100.34639,102.6
P2,96.9566,101.4
P2,72.14707,70.1
P2,96.9566,103.1
P2,72.14707,68.5
P2,97.12476,93.1
P2,97.12476,98.0
P2,99.62141,98.4
P2,95.35918,92.1
P2,100.13803,94.8
P2,95.7357,91.4
P2,94.93446,102.5
P2,72.14707,67.9
P2,94.93446,97.9
P2,97.12476,101.7
P2,72.14707,68.7
P2,96.47621,94.1
P2,73.95849,71.7
P2,94.530014,95.8
P2,100.34639,102.9
P2,97.12476,95.6
P2,97.61974,97.5
P2,96.92624,101.1
P2,96.308044,100.7
P2,96.32988,100.4
P2,100.13803,94.2
P2,95.35918,97.7
P2,94.444336,92.0
P2,91.90827,93.8
P2,72.14707,68.0
P2,92.92473,89.0
P2,94.974655,91.4
P2,94.530014,99.0
P2,94.7663,91.4
P2,96.47621,97.8
P2,97.24322,97.2
P2,73.6081,69.6
P2,93.44942,89.0
P2,96.9566,101.3
P2,95.35918,97.1
P2,94.73837,91.9
P2,94.652695,97.7
P2,97.12476,96.4
P2,100.13803,104.2
P2,100.13803,103.4
P2,95.567535,93.7
P2,96.9566,99.4
P2,96.102135,101.0
P2,96.308044,101.1
P2,93.44942,91.9
P2,94.530014,97.3
P2,95.567535,94.5
P2,95.61201,96.5
P2,72.14707,68.7
P2,95.52734,91.3
P2,95.35918,95.0
P2,95.35918,98.2
P2,96.09169,93.8
P2,100.13803,98.1
P2,96.9566,100.0
P2,96.308044,102.6
P2,100.50446,97.9
P2,96.9566,96.9
P2,94.93446,92.8
P2,96.9566,96.5
P2,72.14707,68.4
P2,95.52734,94.6
P2,73.95849,72.7
P2,94.93446,92.5
P2,97.411385,97.2
P2,96.102135,96.7
P2,95.14282,92.1
P2,95.52734,101.6
P2,94.93446,91.4
P2,95.35918,100.4
P2,95.35918,95.3
P2,95.7357,101.7
P2,84.21428,82.9
P2,100.34639,97.9
P2,94.93446,93.4
P2,73.95849,71.4
P2,95.35918,98.8
P2,100.13803,99.8
P2,94.20805,93.8
P2,100.34639,105.3
P2,72.14707,68.3
P2,100.34639,113.1
P2,94.974655,92.8
P2,100.13803,96.4
P2,72.7313,68.3
P2,96.308044,98.6
P2,100.34639,99.6
P2,94.63713,91.3
P2,96.9566,97.2
P2,95.7357,101.0
P2,89.4762,96.5
P2,95.7357,96.8
P2,97.12476,97.7
P2,95.35918,94.3
P2,72.14707,68.0
P2,97.12476,95.6
P2,94.93446,89.1
P2,93.63695,89.0
P2,100.13803,98.7
P2,95.35918,95.2
P2,95.35918,97.7
P2,97.12476,95.4
P2,96.102135,96.7
P2,95.52734,93.7
P2,95.35918,89.8
P2,91.50128,88.6
P2,99.62141,100.9
P2,94.69818,97.3
P2,99.41305,102.2
P2,95.35918,96.4
P2,95.35918,97.1
P2,73.95849,73.4
P2,100.71282,109.0
P2,97.24322,98.3
P2,95.7357,102.2
P2,94.7663,93.1
P2,95.35918,96.7
P2,73.71874,71.6
P2,96.47621,97.8
P2,100.34639,100.8
P2,99.62141,100.7
P2,72.14707,69.6
P2,92.3968,93.2
P2,99.62141,96.9
P2,99.62141,98.0
P2,72.14707,68.3
P2,94.20805,90.4
P2,99.62141,104.2
P2,95.35918,98.3
P2,72.7313,70.6
P2,97.12476,98.3
P2,95.35918,105.1
P2,72.14707,68.6
P2,95.35918,97.1
P2,95.7357,98.8
P2,96.9566,94.5
P2,97.12476,101.3
P2,96.47621,93.4
P2,73.95849,73.0
P2,96.9566,93.1
P2,94.69818,91.9
P2,97.12476,96.7
P2,96.102135,102.9
P2,73.95849,71.5
P2,96.308044,96.9
P2,95.35918,98.1
P2,73.95849,72.2
P2,72.54156,68.1
P2,96.9566,91.6
P2,100.34639,101.1
P2,96.308044,93.0
P2,73.95849,71.6
P2,95.35918,99.6
P2,95.35918,102.2
P2,96.9566,94.4
P2,95.54918,96.9
P2,95.35918,98.4
P2,95.35918,93.7
P2,97.12476,99.3
P2,96.47621,100.0
P2,100.34639,99.7
P2,73.6081,69.7
P2,95.35918,92.7
P2,72.14707,68.1
P2,72.14707,68.7
P2,97.12476,98.3
P2,99.41305,96.0
P2,99.98784,106.8
P2,72.38682,70.1
P2,95.7357,103.5
P2,72.14707,67.9
P2,97.76436,103.1
P2,95.35918,97.7
P2,90.51352,91.4
P2,96.9566,100.9
P2,72.14707,70.1
P2,95.893776,90.9
P2,99.41305,109.5
P2,84.21428,89.4
P2,94.530014,99.3
P2,95.35918,96.8
P2,100.13803,102.6
P2,96.102135,99.1
P2,95.7357,101.7
P2,73.95849,71.5
P2,100.13803,100.7
P2,97.12476,98.0
P2,99.62141,97.1
P2,95.7357,96.5
P2,96.9566,94.8
P2,73.6081,72.6
P2,96.308044,94.0
P2,96.53188,94.1
P2,96.9566,98.3
P2,94.93446,95.7
P2,83.311,81.0
P2,96.9566,98.3
P2,94.974655,96.3
P2,73.213615,73.0
P2,72.14707,70.6
P2,83.311,82.9
P2,94.31517,92.6
P2,99.62141,111.1
P2,96.308044,93.4
P2,100.13803,102.6
P2,95.7357,96.5
P2,95.35918,102.3
P2,95.35918,95.8
P2,95.35918,104.0
P2,72.14707,68.6
P2,72.336815,70.4
P2,72.14707,69.5
P2,94.90654,93.7
P2,96.47621,99.5
P2,96.9566,97.7
P2,95.7357,101.7
P2,72.14707,69.2
P2,72.14707,69.2
P2,97.12476,100.0
P2,96.102135,103.8
P2,95.35918,91.1
P2,97.12476,100.6
P2,96.9566,97.0
P2,97.33312,97.7
P2,96.308044,96.1
P2,96.9566,99.4
P2,72.14707,68.7
P2,94.83684,93.5
P2,97.12476,95.9
P2,94.974655,93.8
P2,95.23001,92.7
P2,100.13803,112.8
P2,72.14707,69.9
P2,97.411385,95.4
P2,93.63695,87.8
P2,96.308044,102.6
P2,94.93446,93.8
P2,95.35918,91.1
P2,97.12476,99.3
P2,94.7663,90.8
P2,94.93446,91.6
P2,95.52734,95.1
P2,99.969864,102.9
P2,95.52734,96.7
P2,72.7313,70.4
P2,95.35918,92.8
P2,94.057,91.5
P2,97.33312,98.2
P2,100.13803,98.4
P2,99.36862,111.1
P2,97.12476,102.2
P2,73.368355,71.9
P2,96.9566,98.9
P2,95.35918,104.1
P2,97.45158,96.4
P2,96.47621,94.6
P2,95.35918,98.4
P2,95.35918,91.3
P2,96.308044,97.1
P2,73.95849,72.7
P2,95.35918,101.3
P2,94.7663,89.1
P2,99.41305,94.2
P2,95.35918,104.0
P2,73.6081,70.1
P2,97.12476,100.0
P2,96.308044,98.8
P2,94.5066,98.0
P2,95.35918,92.5
P2,96.308044,100.4
P2,95.76461,96.7
P2,94.59694,92.8
P2,96.47621,100.0
P2,96.308044,100.7
P2,72.34468,69.5
P2,97.12476,95.7
P2,97.24322,97.5
P2,100.13803,99.1
P2,94.93446,92.8
P2,96.9566,91.6
P2,96.47621,100.1
P2,72.34468,68.9
P2,97.411385,94.2
P2,95.35918,95.3
P2,97.12476,98.8
P2,99.62141,97.1
P2,97.12476,96.9
P2,100.34639,112.8
P2,96.9566,100.0
P2,97.164955,94.5
P2,73.95849,72.8
P2,99.41305,94.2
P2,94.93446,92.0
P2,95.35918,97.9
P2,95.35918,92.7
P2,96.308044,94.0
P2,96.9566,100.9
P2,96.9566,101.3
P2,96.308044,97.8
P2,72.14707,68.0
P2,95.35918,101.0
P2,73.6081,72.1
P2,95.39818,89.1
P2,96.9566,93.5
P2,72.14707,68.7
P2,72.14707,68.9
P2,95.35918,96.7
P2,95.35918,92.9
P2,96.102135,103.9
P2,73.6081,72.8
P2,95.35918,102.3
P2,97.12476,97.1
P2,72.49746,69.5
P2,72.14707,68.8
P2,96.9566,101.3
P2,100.71282,109.0
P2,95.35918,98.7
P2,95.35918,97.1
P2,95.35918,96.0
P2,94.974655,88.7
P2,96.102135,101.0
P2,72.14707,68.7
P2,99.9929,112.1
P2,96.9566,97.9
P2,99.62141,101.1
P2,72.14707,68.9
P2,72.14707,68.4
P2,95.7357,100.8
P2,97.12476,97.3
P2,96.9566,97.3
P2,72.14707,68.7
P2,96.308044,100.7
P2,94.7663,90.9
P2,100.13803,101.0
P2,95.35918,105.1
P2,96.47621,100.1
P2,96.92624,95.7
P2,95.35918,94.1
P2,95.52734,97.6
P2,94.69818,91.5
P2,95.52734,98.9
P2,95.05065,91.7
P2,95.52734,104.4
P2,94.7663,91.3
P2,95.35918,91.1
P2,96.9566,94.8
P2,94.7663,93.2
P2,80.36314,78.0
P2,95.35918,95.2
P2,72.97105,70.1
P2,94.652695,100.5
P2,96.102135,103.9
P2,73.95849,71.4
P2,93.94547,89.9
P2,97.33312,103.8
P2,100.13803,103.4
P2,95.35918,101.3
P2,97.12476,97.7
P2,100.15987,111.1
P2,100.13803,108.3
P2,100.71282,107.9
P2,73.95849,71.7
P2,95.14282,100.8
P2,96.92624,98.4
P2,95.35918,92.8
P2,72.14707,68.0
P2,93.94547,94.1
P2,72.14707,69.6
P2,95.52734,101.0
P2,95.35918,97.9
P2,100.13803,110.9
P2,99.62141,102.6
P2,95.14282,92.5
P2,73.6081,70.7
P2,95.35918,91.1
P2,94.93446,90.0
P2,95.35918,98.2
P2,94.59694,89.1
P2,96.47621,102.3
P2,94.93446,92.6
P2,95.52734,100.1
P2,95.35918,93.6
P2,95.83503,90.8
P2,73.95849,71.6
P2,95.35918,102.2
P2,96.9566,102.0
P2,93.94547,86.9
P2,100.34639,101.6
P2,100.71282,106.8
P2,97.12476,98.0
P2,95.35918,92.8
P2,99.41305,97.0
P2,100.13803,109.6
P2,99.62141,99.8
P2,72.14707,70.4
P2,72.14707,69.2
P3,83.65803,82.5
P3,83.23537,85.3
P3,65.014656,81.7
P3,66.52636,69.2
P3,55.629665,52.6
P3,83.65803,92.3
P3,83.65803,94.7
P3,55.18078,49.1
P3,66.25514,73.0
P3,65.14943,54.1
P3,72.86161,73.0
P3,59.010906,56.7
P3,55.18078,46.9
P3,64.2516,64.7
P3,64.2516,65.1
P3,72.86161,71.7
P3,59.010906,60.4
P3,71.61338,69.6
P3,55.18078,49.4
P3,83.65803,84.6
P3,56.550102,68.0
P3,63.26508,51.7
P3,77.4744,78.2
P3,58.56202,50.3
P3,66.52636,73.8
P3,69.18089,69.5
P3,77.165054,73.7
P3,55.629665,52.1
P3,55.18078,57.8
P3,69.60355,72.5
P3,71.11612,72.2
P3,70.934395,72.0
P3,71.61338,74.8
P3,55.9899,52.8
P3,83.65803,84.6
P3,83.65803,85.9
P3,72.86161,73.5
P3,55.18078,53.0
P3,59.010906,60.4
P3,83.65803,84.1
P3,78.49801,91.0
P3,83.65803,85.3
P3,69.60355,73.2
P3,83.65803,83.5
P3,83.65803,83.1
P3,69.60355,69.7
P3,72.86161,73.7
P3,70.50197,63.1
P3,83.65803,85.4
P3,56.037994,52.7
P3,83.65803,83.8
P3,65.4201,60.3
P3,55.629665,52.1
P3,69.60355,72.4
P3,66.52636,65.4
P3,69.18089,69.5
P3,78.49801,93.1
P3,78.49801,81.0
P3,55.859768,48.4
P3,64.2516,61.7
P3,55.18078,53.7
P3,83.65803,94.7
P3,83.65803,86.2
P3,69.60355,69.2
P3,55.18078,51.8
P3,71.61338,76.6
P3,74.83312,61.6
P3,83.65803,86.1
P3,83.65803,89.5
P3,63.908394,66.5
P3,83.65803,90.9
P3,72.86161,72.3
P3,55.18078,53.7
P3,83.65803,84.6
P3,55.18078,74.7
P3,55.18078,57.8
P3,70.92463,79.2
P3,66.52636,69.6
P3,69.18089,63.4
P3,83.65803,85.8
P3,66.52636,71.6
P3,83.65803,91.0
P3,69.18089,69.2
P3,72.86161,74.7
P3,59.010906,53.0
P3,65.57616,73.9
P3,66.52636,63.5
P3,83.65803,86.9
P3,69.18089,63.1
P3,65.49264,61.2
P3,64.2516,64.0
P3,63.26508,53.0
P3,62.066998,52.8
P3,79.292244,85.8
P3,72.86161,75.6
P3,59.010906,54.7
P3,55.18078,48.9
P3,71.61338,77.6
P3,83.65803,89.6
P3,63.908394,64.4
P3,64.2516,61.0
P3,69.18089,70.8
P3,69.60355,64.4
P3,63.908394,57.3
P3,61.08047,52.8
P3,57.704803,68.1
P3,69.18089,69.2
P3,66.52636,60.3
P3,72.244835,78.4
P3,64.2516,69.5
P3,55.18078,52.9
P3,61.08047,56.9
P3,83.65803,83.8
P3,69.60355,72.3
P3,66.52636,63.2
P3,55.18078,53.2
P3,55.18078,49.5
P3,83.65803,91.0
P3,59.010906,61.1
P3,55.629665,52.9
P3,69.60355,67.4
P3,65.49264,60.6
P3,69.60355,72.2
P3,69.18089,62.8
P3,73.978386,75.5
P3,65.763306,69.5
P3,66.19031,73.0
P3,64.2516,60.6
P3,69.18089,65.9
P3,65.49264,67.1
P3,78.088554,86.7
P3,83.65803,84.5
P3,63.26508,56.8
P3,71.61338,68.8
P3,56.48688,63.2
P3,69.60355,69.8
P3,72.86161,74.4
P3,69.60355,73.2
P3,73.47576,71.9
P3,66.25569,72.2
P3,83.65803,85.9
P3,65.763306,67.8
P3,69.18089,75.4
P3,72.86161,70.8
P3,78.49801,91.0
P3,78.088554,78.4
P3,66.52636,66.3
P3,69.60355,68.6
P3,55.18078,54.5
P3,71.61338,77.6
P3,83.65803,89.0
P3,55.18078,55.3
P3,73.978386,77.4
P3,83.65803,84.3
P3,55.871113,49.2
P3,70.934395,67.5
P3,71.61338,72.9
P3,65.4201,64.0
P3,71.61338,68.0
P3,66.25569,71.9
P3,77.165054,74.1
P3,59.010906,58.4
P3,55.18078,47.1
P3,72.86161,71.7
P3,63.908394,56.0
P3,65.014656,61.7
P3,83.65803,86.9
P3,83.65803,85.3
P3,61.72379,52.8
P3,69.60355,62.8
P3,83.65803,85.9
P3,65.4201,62.9
P3,70.934395,69.0
P3,76.1542,79.3
P3,83.65803,89.2
P3,69.18089,74.1
P3,65.763306,65.1
P3,55.18078,52.9
P3,66.52636,70.4
P3,66.52636,65.1
P3,55.18078,50.8
P3,55.18078,46.9
P3,83.65803,82.8
P3,61.973667,73.0
P3,57.443325,60.3
P3,77.4744,79.2
P3,66.52636,66.3
P3,71.61338,70.9
P3,69.60355,75.8
P3,65.014656,71.5
P3,71.61338,77.6
P3,55.18078,47.0
P3,83.65803,86.1
P3,69.60355,68.0
P3,83.65803,85.8
P3,83.65803,85.8
P3,83.65803,86.8
P3,66.52636,68.3
P3,72.86161,78.9
P3,83.65803,86.7
P3,83.65803,86.6
P3,83.65803,87.9
P3,83.65803,84.0
P3,69.18089,70.7
P3,65.4201,68.4
P3,59.010906,57.3
P3,83.65803,85.1
P3,63.908394,71.8
P3,69.18089,69.2
P3,71.303665,73.0
P3,56.037994,48.8
P3,61.973667,55.7
P3,55.18078,51.9
P3,55.18078,58.0
P3,66.52636,70.4
P3,69.18089,64.1
P3,71.822174,78.5
P3,83.65803,92.9
P3,66.86929,78.7
P3,63.908394,64.4
P3,83.65803,89.0
P3,64.2516,60.8
P3,71.61338,71.1
P3,55.18078,48.4
P3,69.60355,74.4
P3,69.18089,69.2
P3,61.08047,52.4
P3,55.629665,51.9
P3,73.47576,73.0
P3,83.65803,86.9
P3,61.08047,73.0
P3,65.763306,67.1
P3,66.52636,66.9
P3,83.65803,85.4
P3,65.763306,72.0
P3,66.52636,70.6
P3,69.60355,71.8
P3,55.18078,46.8
P3,69.60355,70.8
P3,55.18078,53.2
P3,55.18078,56.3
P3,69.18089,69.5
P3,59.010906,58.4
P3,56.48688,60.7
P3,55.18078,49.3
P3,83.65803,85.7
P3,64.2516,68.0
P3,55.18078,60.4
P3,59.010906,52.1
P3,77.4744,76.2
P3,66.25514,72.9
P3,65.014656,67.4
P3,64.50611,59.8
P3,83.65803,83.3
P3,66.52636,66.3
P3,66.52636,64.0
P3,64.2516,64.4
P3,59.010906,58.3
P3,58.16409,53.5
P3,69.18089,63.4
P3,70.50197,78.4
P3,78.088554,78.4
P3,59.010906,58.8
P3,69.60355,70.8
P3,83.65803,85.4
P3,65.4201,62.9
P3,55.18078,51.6
P3,59.010906,54.7
P3,83.65803,86.8
P3,69.18089,69.2
P3,72.86161,71.6
P3,59.010906,53.6
P3,64.2516,65.9
P3,83.65803,87.3
P3,55.18078,51.9
P3,65.763306,61.2
P3,66.52636,69.5
P3,55.18078,49.1
P3,83.65803,83.1
P3,55.18078,46.7
P3,55.18078,52.6
P3,69.60355,72.4
P3,83.65803,86.6
P3,61.08047,52.8
P3,59.010906,57.3
P3,62.735653,59.1
P3,83.65803,85.5
P3,55.18078,49.1
P3,55.18078,47.1
P3,55.18078,48.8
P3,63.908394,72.5
P3,55.18078,52.6
P3,55.18078,49.1
P3,61.973667,53.1
P3,69.18089,63.5
P3,83.65803,87.9
P3,56.037994,51.9
P3,83.65803,85.8
P3,64.2516,67.9
P3,69.60355,72.4
P3,64.2516,62.9
P3,59.010906,57.1
P3,69.60355,67.2
P3,66.52636,71.9
P3,61.08047,52.1
P3,55.18078,49.2
P3,55.18078,54.7
P3,69.60355,65.5
P3,70.934395,67.6
P3,73.978386,73.7
P3,83.65803,94.7
P3,83.65803,82.7
P3,83.65803,88.9
P3,65.763306,67.6
P3,77.4744,83.3
P3,59.010906,58.4
P3,65.99694,69.5
P3,71.61338,74.7
P3,83.65803,83.2
P3,71.61338,76.6
P3,55.18078,49.2
P3,55.18078,47.2
P3,77.4744,85.9
P3,83.65803,83.5
P3,71.61338,71.1
P3,83.65803,82.7
P3,56.58611,52.9
P3,69.18089,69.2
P3,65.4201,67.2
P3,63.908394,66.4
P3,83.65803,84.3
P3,55.18078,46.6
P3,55.67776,61.4
P3,72.43895,69.2
P3,83.65803,84.6
P3,59.010906,61.1
P3,69.60355,68.6
P3,69.60355,65.5
P3,62.616985,79.3
P3,83.65803,86.8
P3,55.18078,56.3
P3,77.165054,91.0
P3,62.735653,62.7
P3,83.65803,85.4
P3,83.65803,83.4
P3,61.973667,56.5
P3,69.60355,68.8
P3,56.037994,52.7
P3,55.18078,47.2
P3,71.61338,78.2
P3,69.18089,63.4
P3,66.52636,66.7
P3,66.52636,64.4
P3,83.65803,82.8
P3,55.18078,50.1
P3,83.65803,82.9
P3,72.22753,73.5
P3,55.18078,49.7
P3,83.65803,90.0
P3,70.934395,72.9
P3,55.18078,50.3
P3,56.82649,53.0
P3,72.244835,72.2
P3,56.946342,58.5
P3,55.18078,48.9
P3,78.0058,85.8
P3,55.18078,57.8
P3,69.18089,71.9
P3,55.18078,49.1
P3,83.65803,87.4
P3,63.37898,63.3
P3,55.629665,53.0
P3,77.05174,77.6
P3,69.60355,64.4
P3,83.65803,92.9
P3,66.52636,63.5
P3,66.18315,65.1
P3,72.22753,69.0
P3,83.65803,90.0
P3,71.61338,69.4
P3,69.18089,69.4
P3,55.18078,51.8
P3,59.010906,58.9
P3,55.18078,46.9
P3,71.61338,70.9
P3,83.65803,84.1
P3,83.65803,83.2
P3,83.65803,84.5
P3,78.49801,81.0
P3,77.4744,77.6
P3,69.18089,67.2
P3,63.26508,59.8
P3,66.52636,65.4
P3,61.08047,79.3
P3,61.08047,73.1
P3,77.165054,84.2
P3,73.978386,73.6
P3,65.763306,64.4
P3,66.52636,66.6
P3,69.60355,75.6
P3,58.15369,75.4
P3,76.1542,81.9
P3,55.629665,52.1
P3,55.18078,49.1
P3,64.2516,72.2
P3,83.65803,87.1
P3,70.934395,73.0
P3,66.52636,65.9
P3,70.934395,68.8
P3,65.763306,70.1
P3,55.9899,56.7
P3,66.52636,69.7
P3,64.52227,64.6
P3,59.010906,52.7
P3,69.18089,69.4
P3,83.65803,89.9
P3,59.010906,53.5
P3,83.65803,84.2
P3,83.65803,83.5
P3,58.56202,78.6
P3,70.50197,72.2
P3,63.26508,52.6
P3,73.47576,71.9
P3,69.18089,65.7
P3,83.65803,87.3
P3,66.52636,71.5
P3,63.37898,73.2
P3,83.65803,84.6
P3,69.18089,72.1
P3,55.18078,50.3
P3,66.52636,70.1
P3,76.34569,79.2
P3,58.650673,60.3
P3,55.18078,52.9
P3,83.65803,91.0
P3,83.65803,85.5
P3,66.52636,63.0
P3,83.65803,83.5
P3,69.60355,88.2
P3,69.60355,72.5
P3,83.65803,84.1
P3,55.18078,47.2
P3,65.49264,63.2
P3,56.48688,51.9
P3,55.437103,50.3
P3,78.49801,72.7
P3,55.18078,73.7
P3,77.4744,76.2
P3,69.60355,64.2
P3,63.48537,84.8
P3,78.49801,99.4
P3,83.65803,86.9
P3,64.2516,84.8
P3,55.18078,60.4
P3,78.49801,94.4
P3,65.763306,66.7
P3,78.088554,83.3
P3,69.60355,63.5
P3,66.52636,61.0
P3,83.65803,87.4
P3,83.65803,88.9
P3,69.60355,64.4
P3,83.65803,84.6
P3,70.50197,75.1
P3,72.244835,79.2
P3,55.18078,49.6
P3,69.18089,63.4
P3,63.37898,59.2
P3,55.18078,53.7
P3,62.735653,52.8
P3,66.52636,67.2
P3,63.26508,55.7
P3,71.61338,73.8
P3,70.934395,67.5
P3,83.65803,85.3
P3,69.60355,74.4
P3,69.60355,75.8
P3,83.65803,84.1
P3,83.65803,95.4
P3,69.60355,69.7
P3,61.08047,62.9
P3,83.65803,82.8
P3,69.18089,69.4
P3,64.2516,57.5
P3,72.86161,73.1
P3,83.65803,87.3
P3,66.52636,65.4
P3,72.86161,75.5
P3,69.18089,72.3
P3,55.629665,53.0
P3,55.18078,55.7
P3,58.16409,52.0
P3,71.61338,75.6
P3,59.010906,58.8
P3,65.763306,69.8
P3,63.26508,58.1
P3,63.908394,67.8
P3,55.18078,49.3
P3,83.65803,84.6
P3,72.86161,74.8
P3,72.182625,71.8
P3,65.49264,64.2
P3,55.54101,50.3
P3,64.89068,63.2
P3,69.60355,73.2
P3,69.60355,72.2
P3,83.65803,85.8
P3,70.934395,67.6
P3,66.52636,66.7
P3,73.978386,73.6
P3,71.61338,78.5
P3,72.244835,78.4
P3,69.60355,68.0
P3,65.763306,70.4
P3,61.973667,73.1
P3,77.05174,76.2
P3,61.08047,56.7
P3,59.010906,57.1
P3,55.18078,49.9
P3,61.08047,63.3
P3,63.26508,56.0
P3,74.59254,74.1
P3,72.86161,69.6
P3,69.60355,73.8
P3,65.763306,69.9
P3,71.61338,75.6
P3,70.50197,78.5
P3,55.18078,57.8
P3,55.629665,53.0
P3,83.65803,86.2
P3,66.52636,65.1
P3,61.08047,73.2
P3,55.18078,48.4
P3,72.86161,75.3
P3,58.513924,56.7
P3,55.18078,49.2
P3,64.2516,67.1
P3,56.58611,52.2
P3,70.934395,68.8
P3,59.010906,54.2
P3,59.010906,51.9
P3,69.60355,72.5
P3,63.908394,56.8
P3,55.18078,49.2
P3,66.52636,63.2
P3,78.49801,94.4
P3,83.65803,90.9
P3,65.014656,66.9
P3,55.18078,53.9
P3,64.2516,65.5
P3,65.14943,56.7
P3,59.010906,53.4
P3,69.60355,75.6
P3,83.65803,93.5
P3,55.18078,52.9
P3,55.18078,50.3
P3,55.18078,48.4
P3,55.18078,60.4
P3,72.22753,73.1
P3,83.65803,91.0
P3,73.978386,75.5
P3,56.550102,73.9
P3,83.65803,84.2
P3,66.19031,68.0
P3,61.72379,52.2
P3,69.18089,65.7
P3,55.18078,53.9
P3,64.62001,54.2
P3,65.49264,65.1
P3,64.52227,54.2
P3,70.934395,78.5
P3,83.65803,84.6
P3,65.014656,66.7
P3,72.22753,75.3
P3,55.871113,59.0
P3,64.77678,68.4
P3,83.65803,85.8
P3,69.18089,73.8
P3,69.18089,67.2
P3,69.60355,69.8
P3,65.014656,67.0
P3,55.18078,49.9
P3,71.61338,71.7
P3,83.65803,85.9
P3,55.9899,52.7
P3,65.763306,61.7
P3,83.65803,85.5
P3,66.52636,66.6
P3,66.52636,68.0
P3,73.47576,78.7
P3,55.18078,60.4
P3,83.65803,88.9
P3,55.18078,45.6
P3,77.4744,77.6
P3,71.61338,72.1
P3,55.18078,46.3
P3,56.48688,56.7
P3,72.86161,72.1
P3,55.18078,56.1
P3,69.60355,72.3
P3,83.65803,85.9
P3,55.18078,46.6
P3,69.60355,67.2
P3,69.18089,69.4
P3,61.08047,76.5
P3,69.18089,75.4
P3,63.26508,55.1
P3,66.52636,67.3
P3,63.26508,59.0
P3,55.18078,55.3
P3,83.65803,86.1
P3,63.37898,68.4
P3,55.18078,53.9
P3,56.48688,52.6
P3,66.52636,71.4
P3,57.306873,50.8
P3,65.4201,63.5
P3,69.18089,72.0
P3,69.18089,70.7
P3,71.548546,74.7
P3,58.16409,60.9
P3,59.010906,52.1
P3,55.18078,55.3
P3,69.60355,75.0
P3,83.65803,86.7
P3,58.16409,52.0
P3,64.2516,61.2
P3,65.763306,68.1
P3,59.010906,53.4
P3,65.763306,60.6
P3,65.763306,63.7
P3,73.47576,73.5
P3,55.18078,49.5
P3,66.52636,63.3
P3,72.244835,73.5
P3,65.763306,61.4
P3,69.18089,69.2
P3,66.52636,69.7
P3,69.18089,69.5
P3,55.18078,49.7
P3,71.61338,69.4
P3,69.18089,69.2
P3,69.18089,63.5
P3,66.52636,64.7
P3,55.18078,46.3
P3,61.08047,56.8
P3,83.65803,92.3
P3,83.65803,94.7
P3,55.18078,49.5
P3,59.010906,53.6
P3,62.960194,54.2
P3,73.978386,73.7
P3,55.18078,45.6
P3,55.18078,49.4
P3,65.014656,66.9
P3,65.014656,67.4
P3,69.60355,75.0
P3,56.48688,50.1
P3,64.2516,64.8
P3,65.4201,71.6
P3,66.52636,63.3
P3,64.77678,61.3
P3,56.48688,57.3
P3,55.18078,49.6
P3,55.18078,49.7
P3,56.48688,53.4
P3,69.795044,73.4
P3,61.08047,52.1
P3,77.4744,77.6
P3,55.18078,48.4
P3,78.49801,84.2
P3,69.60355,72.2
P3,71.61338,75.3
P3,83.65803,83.1
P3,55.629665,52.5
P3,55.18078,49.5
P3,71.61338,72.3
P4,115.86848,119.7
P4,115.86848,110.7
P4,101.020355,88.2
P4,101.70852,103.8
P4,108.00129,103.5
P4,105.45437,104.9
P4,106.56893,101.9
P4,72.32156,63.3
P4,113.75526,114.6
P4,106.56893,105.3
P4,115.86848,124.5
P4,74.583435,72.3
P4,72.32156,63.5
P4,100.86983,88.5
P4,107.6498,102.8
P4,115.86848,117.2
P4,107.6498,106.6
P4,115.86848,129.0
P4,115.86848,134.2
P4,110.78206,105.4
P4,107.6498,102.8
P4,105.72308,105.0
P4,115.28327,123.4
P4,106.56893,106.1
P4,72.976616,72.3
P4,72.32156,71.9
P4,110.19685,111.0
P4,106.56893,108.7
P4,72.32156,64.6
P4,72.32156,66.7
P4,115.28327,111.7
P4,107.6498,109.4
P4,115.28327,129.6
P4,107.6498,107.2
P4,109.27466,107.7
P4,110.78206,113.4
P4,72.32156,63.2
P4,72.32156,68.2
P4,107.6498,104.7
P4,90.49302,101.6
P4,107.6498,109.9
P4,100.43515,101.1
P4,109.50869,104.2
P4,106.56893,109.9
P4,106.56893,108.8
P4,113.0815,121.3
P4,72.32156,63.5
P4,108.23501,109.6
P4,115.86848,131.8
P4,109.50869,109.3
P4,72.32156,65.3
P4,100.43515,100.1
P4,115.86848,111.2
P4,72.32156,66.1
P4,109.27466,112.1
P4,115.86848,125.2
P4,109.27466,111.7
P4,108.59545,93.8
P4,72.32156,69.9
P4,108.00129,103.7
P4,109.27466,107.4
P4,107.6498,106.7
P4,107.6498,106.5
P4,108.68945,103.2
P4,109.50869,103.8
P4,115.86848,113.0
P4,115.86848,116.9
P4,115.28327,134.0
P4,100.43515,97.6
P4,106.56893,108.7
P4,72.32156,65.1
P4,107.6498,100.8
P4,72.32156,63.3
P4,113.08628,118.3
P4,72.32156,70.1
P4,72.32156,69.4
P4,108.00129,109.0
P4,109.50869,109.3
P4,115.28327,117.6
P4,106.56893,103.9
P4,107.6498,106.7
P4,72.32156,70.9
P4,72.32156,64.3
P4,106.56893,104.5
P4,108.68945,106.0
P4,115.86848,125.9
P4,72.32156,63.2
P4,106.56893,111.2
P4,108.00129,107.7
P4,110.093895,107.1
P4,108.68945,111.0
P4,115.86848,120.6
P4,115.86848,117.6
P4,106.63502,113.5
P4,72.32156,66.7
P4,108.23501,110.4
P4,108.00129,107.3
P4,106.56893,107.5
P4,115.86848,110.0
P4,110.19685,110.6
P4,106.295784,106.0
P4,107.6498,106.6
P4,108.00129,104.2
P4,110.78206,107.8
P4,115.86848,126.2
P4,109.27466,113.9
P4,108.23501,110.1
P4,72.32156,64.3
P4,104.13721,104.3
P4,115.86848,110.3
P4,109.50869,109.1
P4,115.28327,131.8
P4,72.32156,67.0
P4,107.6498,106.7
P4,113.6523,112.6
P4,115.86848,109.5
P4,72.32156,72.2
P4,115.08816,101.4
P4,72.32156,70.1
P4,115.86848,109.3
P4,110.78206,110.0
P4,106.56893,102.6
P4,81.23894,73.9
P4,115.86848,130.8
P4,107.6498,109.4
P4,115.86848,136.6
P4,72.32156,65.5
P4,115.86848,121.1
P4,74.583435,73.9
P4,97.99394,103.8
P4,107.6498,103.4
P4,114.50295,108.3
P4,115.28327,114.2
P4,115.86848,129.6
P4,106.63502,107.8
P4,106.56893,106.8
P4,76.167,70.2
P4,72.32156,68.1
P4,107.6498,106.8
P4,115.28327,128.6
P4,107.6498,106.0
P4,101.41364,107.1
P4,109.27466,111.7
P4,107.6498,108.1
P4,107.6498,110.6
P4,106.56893,105.2
P4,72.32156,65.2
P4,115.28327,111.0
P4,100.43515,89.2
P4,114.59511,114.0
P4,106.56893,112.8
P4,72.32156,72.2
P4,72.32156,67.8
P4,83.55175,81.5
P4,72.32156,69.1
P4,72.32156,69.5
P4,105.72308,105.1
P4,109.27466,105.9
P4,109.27466,107.9
P4,105.52157,95.8
P4,72.32156,65.3
P4,115.28327,117.2
P4,110.19685,110.6
P4,113.07672,102.8
P4,107.6498,102.6
P4,107.6498,107.1
P4,115.86848,114.4
P4,115.86848,128.1
P4,115.86848,121.1
P4,73.553215,71.6
P4,107.06748,109.6
P4,115.86848,129.3
P4,72.32156,64.4
P4,72.32156,71.5
P4,110.19685,105.9
P4,106.56893,107.6
P4,115.86848,118.0
P4,106.56893,107.2
P4,82.47059,73.9
P4,115.86848,128.4
P4,106.56893,105.0
P4,115.28327,125.1
P4,108.66284,104.2
P4,106.56893,103.9
P4,113.17968,114.8
P4,115.86848,124.8
P4,101.020355,93.3
P4,106.03957,102.6
P4,107.6498,102.4
P4,107.6498,102.8
P4,72.32156,67.8
P4,106.56893,108.7
P4,109.50869,104.6
P4,109.27466,107.9
P4,72.32156,63.5
P4,115.86848,131.0
P4,113.036835,113.2
P4,108.68945,111.0
P4,102.10148,94.7
P4,115.86848,109.3
P4,108.68945,113.6
P4,107.6498,105.8
P4,101.020355,91.1
P4,72.32156,70.8
P4,107.6498,101.6
P4,106.56893,104.3
P4,109.27466,106.6
P4,115.08816,118.9
P4,108.68945,114.5
P4,72.32156,71.5
P4,107.271225,111.2
P4,107.6498,105.4
P4,100.43515,97.5
P4,115.86848,135.3
P4,115.86848,108.8
P4,72.32156,67.8
P4,72.32156,69.8
P4,106.56893,106.7
P4,115.86848,112.8
P4,115.86848,121.8
P4,114.50295,105.1
P4,113.75526,101.4
P4,107.6498,102.1
P4,115.86848,124.5
P4,106.56893,109.8
P4,114.59511,127.9
P4,105.45437,106.2
P4,106.56893,104.6
P4,107.6498,109.6
P4,106.56893,105.0
P4,72.32156,65.4
P4,109.50869,109.1
P4,106.56893,101.6
P4,105.403366,106.2
P4,107.6498,100.7
P4,106.56893,107.1
P4,106.56893,108.8
P4,73.908806,67.2
P4,72.32156,64.0
P4,107.6498,103.7
P4,72.32156,63.8
P4,106.56893,108.1
P4,72.32156,69.1
P4,109.50869,112.6
P4,107.6498,105.1
P4,109.27466,106.5
P4,103.73677,93.3
P4,107.6498,103.4
P4,72.32156,67.6
P4,109.50869,109.3
P4,72.32156,63.3
P4,115.28327,125.0
P4,115.18031,128.1
P4,73.908806,69.8
P4,106.56893,102.7
P4,115.86848,109.3
P4,107.0228,107.1
P4,107.6498,104.3
P4,107.6498,112.9
P4,115.86848,135.6
P4,106.56893,107.8
P4,115.86848,126.6
P4,104.82531,102.0
P4,106.56893,109.9
P4,106.56893,107.1
P4,109.50869,112.2
P4,115.86848,117.2
P4,72.32156,68.2
P4,115.86848,119.9
P4,72.32156,69.1
P4,115.28327,136.6
P4,106.56893,107.7
P4,72.32156,69.4
P4,115.28327,111.3
P4,108.00129,114.4
P4,106.56893,110.1
P4,109.27466,107.3
P4,74.583435,67.2
P4,115.86848,111.6
P4,100.43515,97.6
P4,108.23501,103.2
P4,114.59511,119.9
P4,108.23501,110.0
P4,106.56893,104.2
P4,115.28327,126.8
P4,100.43515,100.1
P4,107.6498,104.6
P4,108.68945,103.7
P4,72.32156,71.2
P4,115.86848,120.8
P4,72.32156,71.5
P4,72.32156,70.7
P4,108.68945,104.8
P4,72.32156,70.6
P4,106.56893,107.7
P4,107.6498,106.0
P4,106.56893,105.8
P4,109.50869,113.4
P4,108.23501,106.5
P4,109.27466,106.3
P4,105.946915,107.1
P4,72.32156,65.3
P4,107.6498,104.3
P4,105.403366,106.0
P4,107.6498,109.4
P4,72.32156,68.2
P4,110.78206,109.1
P4,109.27466,103.7
P4,115.28327,119.6
P4,107.257095,109.9
P4,115.86848,108.8
P4,115.18031,113.6
P4,104.592896,102.4
P4,109.50869,112.6
P4,115.86848,135.5
P4,107.6498,106.8
P4,72.32156,71.4
P4,108.00129,111.9
P4,108.68945,107.1
P4,72.32156,70.2
P4,108.23501,107.1
P4,115.28327,118.0
P4,107.6498,104.0
P4,107.6498,108.8
P4,106.56893,101.7
P4,107.0228,107.9
P4,113.95844,113.5
P4,109.27466,110.1
P4,103.361244,102.6
P4,72.32156,68.2
P4,108.23501,106.4
P4,109.50869,107.4
P4,72.32156,65.5
P4,106.56893,112.0
P4,115.28327,130.9
P4,72.32156,68.9
P4,72.32156,63.2
P4,110.19685,104.0
P4,72.32156,64.7
P4,110.19685,111.2
P4,107.6498,104.9
P4,106.56893,108.7
P4,107.6498,110.4
P4,106.63502,113.5
P4,108.00129,110.1
P4,100.43515,97.5
P4,115.86848,124.8
P4,72.32156,67.2
P4,100.43515,89.2
P4,115.28327,125.4
P4,109.27466,113.5
P4,100.43515,88.8
P4,72.32156,69.4
P4,108.68945,114.8
P4,101.020355,88.4
P4,100.43515,102.7
P4,72.32156,70.0
P4,72.32156,70.9
P4,72.32156,67.0
P4,100.43515,88.8
P4,115.86848,117.2
P4,115.28327,131.8
P4,72.32156,66.7
P4,114.545204,113.9
P4,72.32156,71.4
P4,109.50869,112.5
P4,108.23501,110.7
P4,106.56893,105.3
P4,109.27466,112.1
P4,108.68945,106.5
P4,84.17348,70.3
P4,115.28327,121.3
P4,115.86848,125.0
P4,109.50869,104.2
P4,108.68945,111.7
P4,115.86848,114.0
P4,72.32156,69.8
P4,115.86848,124.8
P4,72.32156,69.5
P4,115.86848,110.0
P4,106.56893,109.9
P4,72.32156,69.5
P4,110.46331,113.0
P4,106.56893,108.5
P4,115.86848,117.2
P4,108.00129,115.2
P4,115.86848,114.4
P4,110.19685,107.4
P4,76.167,70.3
P4,115.86848,111.5
P4,115.86848,112.8
P4,73.908806,73.3
P5,150.6652,165.8
P5,132.94041,126.2
P5,151.93675,148.9
P5,152.86517,153.6
P5,149.33017,135.7
P5,144.08485,142.1
P5,150.6652,158.5
P5,141.43417,141.6
P5,132.94041,127.9
P5,152.07593,139.7
P5,132.94041,131.3
P5,135.25081,132.5
P5,132.94041,134.6
P5,152.86517,151.7
P5,111.760925,111.3
P5,148.91794,150.3
P5,144.08485,147.3
P5,140.04874,137.0
P5,132.94041,128.4
P5,152.83485,153.9
P5,132.94041,138.1
P5,132.94041,129.6
P5,146.51471,148.2
P5,140.30855,142.2
P5,152.86517,163.2
P5,147.39407,147.3
P5,140.98264,145.8
P5,132.94041,139.3
P5,142.74599,146.2
P5,118.7261,106.9
P5,110.333305,102.3
P5,142.90724,143.7
P5,141.43417,136.5
P5,109.852005,103.0
P5,144.65808,150.9
P5,148.3697,137.3
P5,140.8621,140.7
P5,153.17134,167.0
P5,132.94041,139.1
P5,132.94041,130.3
P5,143.71474,147.1
P5,144.08485,144.0
P5,131.62256,131.4
P5,136.90642,128.7
P5,142.14406,140.1
P5,143.67441,147.3
P5,110.51561,105.5
P5,145.05397,148.9
P5,132.94041,129.2
P5,135.55698,129.0
P5,132.94041,139.3
P5,135.25081,130.5
P5,145.84354,156.1
P5,132.94041,139.1
P5,145.05763,143.3
P5,144.08485,139.8
P5,109.197754,104.1
P5,137.73663,135.4
P5,140.8621,141.5
P5,113.444824,115.2
P5,144.08485,152.4
P5,152.6096,156.1
P5,152.00444,151.1
P5,144.08485,141.1
P5,130.89658,129.4
P5,140.04874,142.0
P5,144.08485,138.2
P5,140.8621,137.8
P5,144.08485,145.4
P5,144.08485,149.3
P5,110.19371,105.5
P5,152.24255,152.0
P5,144.08485,148.7
P5,143.60289,145.6
P5,111.65116,110.7
P5,149.31383,152.1
P5,132.94041,127.9
P5,110.333305,106.6
P5,135.55698,125.6
P5,113.51354,104.2
P5,144.08485,154.1
P5,132.94041,129.6
P5,141.43417,144.2
P5,140.8621,143.1
P5,111.16986,110.7
P5,109.852005,102.7
P5,153.17134,140.7
P5,140.09494,143.6
P5,135.25081,132.3
P5,140.8621,134.1
P5,143.67441,162.2
P5,134.42142,125.6
P5,142.30049,139.4
P5,145.05397,145.9
P5,144.08485,148.5
P5,142.20134,129.8
P5,151.66548,150.0
P5,109.197754,104.1
P5,121.179504,130.9
P5,150.35904,152.0
P5,144.08485,152.4
P5,132.94041,130.6
P5,140.8621,137.6
P5,110.333305,106.9
P5,146.50153,145.9
P5,150.06963,142.7
P5,151.52594,158.2
P5,145.05397,139.7
P5,144.08485,147.3
P5,144.08485,144.4
P5,143.67441,148.8
P5,148.18985,145.6
P5,109.197754,104.7
P5,139.44069,140.3
P5,140.09494,141.6
P5,152.86517,154.6
P5,145.05397,143.7
P5,109.852005,106.1
P5,144.08485,148.0
P5,141.74034,139.4
P5,152.86517,162.9
P5,142.24167,149.0
P5,144.65808,143.8
P5,140.8621,140.7
P5,145.7254,150.6
P5,144.08485,149.5
P5,150.20638,150.5
P5,153.27562,156.6
P5,139.44069,134.1
P5,132.94041,137.6
P5,153.58179,165.8
P5,129.82887,128.6
P5,140.8621,132.5
P5,142.029,139.5
P5,139.44069,140.5
P5,151.07565,149.4
P5,132.94041,129.9
P5,145.05397,149.9
P5,144.08485,151.0
P5,134.31892,129.0
P5,144.87442,153.8
P5,109.197754,101.2
P5,145.97813,145.8
P5,143.67441,150.2
P5,140.8621,139.6
P5,153.17134,168.7
P5,109.197754,103.3
P5,141.27255,147.3
P5,145.05397,145.3
P5,135.55698,128.0
P5,140.8621,138.6
P5,110.333305,104.2
P5,144.08485,145.0
P5,132.94041,139.1
P5,139.44069,133.8
P5,143.67441,149.5
P5,132.94041,136.2
P5,140.8621,137.7
P5,151.69827,153.9
P5,140.8621,145.3
P5,153.17134,142.2
P5,135.96742,143.9
P5,110.988235,101.2
P5,143.67441,137.7
P5,144.65808,150.4
P5,151.52594,140.9
P5,144.08485,139.6
P5,142.90724,144.2
P5,142.90724,142.7
P5,109.197754,103.6
P5,145.7254,156.0
P5,150.08412,152.1
P5,132.13927,129.5
P5,132.94041,131.5
P5,144.65808,146.6
P5,140.8621,145.5
P5,132.94041,135.7
P5,111.65116,104.3
P5,152.6096,145.9
P5,134.64957,145.2
P5,143.03123,148.1
P5,144.08485,150.2
P5,132.94041,136.2
P5,153.27562,152.9
P5,144.08485,138.2
P5,109.197754,103.7
P5,145.05397,148.2
P5,144.22264,149.3
P5,140.04874,138.6
P5,150.35904,156.6
P5,109.197754,106.9
P5,109.197754,104.0
P5,143.9703,128.8
P5,141.27292,139.5
P5,144.08485,145.4
P5,144.7478,147.7
P5,126.3457,136.8
P5,140.8621,135.5
P5,140.8621,137.6
P5,145.7254,156.0
P5,135.25081,139.9
P5,135.25081,130.5
P5,118.43628,126.9
P5,141.08609,140.7
P5,150.35904,153.5
P5,144.08485,142.7
P5,135.25081,138.8
P5,139.99379,129.9
P5,145.32951,144.9
P5,152.86517,144.6
P5,110.333305,102.9
P5,140.8621,135.5
P5,144.12518,148.0
P5,144.65808,150.4
P5,139.44069,144.5
P5,144.57057,152.4
P5,144.08485,153.0
P5,131.62256,128.2
P5,132.94041,129.2
P5,144.08485,153.0
P5,140.79059,138.4
P5,135.96742,136.6
P5,140.8621,137.0
P5,153.58179,157.1
P5,109.197754,104.1
P5,151.93639,148.8
P5,135.55698,136.0
P5,132.94041,137.0
P5,140.04874,142.2
P5,110.333305,104.0
P5,134.42142,127.3
P5,153.58179,163.2
P5,153.17134,153.5
P5,144.08485,162.2
P5,144.08485,148.2
P5,111.65116,102.7
P5,144.65808,143.4
P5,110.333305,104.0
P5,109.197754,110.4
P5,142.30049,142.7
P5,109.197754,103.3
P5,140.8621,139.6
P5,139.09076,143.9
P5,152.24255,157.3
P5,144.08485,139.9
P5,109.197754,101.2
P5,140.8621,138.4
P5,140.8621,143.0
P5,109.197754,102.9
P5,144.08485,158.2
P5,140.04874,135.3
P5,134.42142,135.4
P5,150.35904,142.2
P5,145.05397,150.6
P5,109.197754,100.0
P5,132.94041,129.6
P5,132.94041,135.0
P5,141.68336,138.5
P5,129.82887,129.1
P5,152.6096,143.7
P5,140.8621,138.6
P5,141.43417,142.8
P5,145.05397,139.7
P5,140.08008,140.9
P5,132.94041,126.5
P5,152.6096,150.3
P5,110.333305,102.7
P5,152.00444,147.0
P5,142.45023,141.2
P5,140.8621,131.2
P5,144.08485,144.5
P5,143.67441,145.3
P5,140.8621,144.2
P5,134.42142,121.8
P5,144.08485,153.0
P5,143.67441,145.4
P5,146.50153,156.1
P5,132.94041,131.5
P5,132.94041,135.7
P5,110.835915,103.0
P5,151.8321,155.4
P5,140.04874,141.0
P5,132.21762,131.4
P5,134.64957,144.6
P5,145.05397,148.5
P5,142.24167,150.5
P5,109.197754,103.0
P5,153.27562,159.4
P5,152.6096,153.9
P5,145.05397,156.0
P5,132.94041,134.6
P5,111.65116,111.5
P5,109.197754,102.8
P5,152.6096,156.1
P5,109.197754,101.1
P5,144.50574,150.5
P5,110.333305,105.2
P5,140.8621,142.4
P5,152.86517,140.9
P5,144.08485,156.7
P5,152.6096,156.8
P5,145.05397,151.0
P5,140.8621,138.7
P5,111.65116,108.4
P5,143.67441,149.7
P5,134.11525,129.0
P5,134.84773,129.0
P5,135.66125,144.4
P5,132.94041,135.8
P5,143.67441,148.6
P5,132.94041,128.4
P5,135.25081,136.6
P5,109.852005,113.0
P5,111.65116,102.7
P5,112.30927,105.3
P5,132.94041,139.1
P5,153.17134,144.9
P5,143.67441,149.5
P5,120.72406,121.1
P5,140.8621,137.6
P5,110.51561,106.9
P5,144.08485,142.7
P5,132.94041,129.1
P5,132.94041,126.9
P5,144.08485,149.3
P5,140.97716,135.8
P5,144.50574,150.5
P5,143.67441,144.5
P5,140.8621,130.9
P5,153.27562,168.7
P5,110.835915,104.1
P5,153.58179,168.0
P5,141.21564,143.9
P5,141.13237,142.2
P5,150.35904,156.6
P5,132.21762,130.6
P5,110.51561,110.3
P5,145.05397,148.1
P5,132.13927,132.3
P5,147.38618,148.1
P5,144.08485,145.4
P5,135.25081,130.6
P5,132.94041,126.5
P5,152.41489,165.8
P5,111.65116,111.5
P5,144.08485,143.5
P5,151.64062,164.1
P5,153.27562,147.0
P5,151.77827,152.1
P5,135.55698,121.8
P5,132.94041,135.1
P5,145.05397,156.8
P5,152.10872,158.4
P5,109.197754,100.3
P5,110.51561,103.8
P5,140.8621,137.6
P5,132.94041,134.5
P5,145.05397,156.7
P5,144.08485,147.2
P5,144.08485,148.2
P5,142.91795,133.0
P5,148.82681,144.1
P5,145.05397,147.7
P5,132.94041,133.7
P5,152.6096,144.3
P5,132.94041,129.6
P5,143.67441,143.7
P5,152.6096,150.0
P5,144.08485,147.2
P5,144.03833,137.3
P5,143.88707,147.4
P5,152.65337,168.5
P5,111.65116,102.9
P5,111.5833,104.5
P5,109.197754,105.2
P5,140.8621,138.4
P5,150.6652,164.3
P5,111.65116,110.5
P5,132.94041,133.9
P5,132.94041,127.5
P5,110.333305,102.9
P5,145.05397,141.5
P5,144.08485,148.6
P5,141.53354,143.6
P5,151.52594,168.0
P5,139.44069,131.5
P5,132.94041,134.6
P5,142.90724,145.9
P5,141.43417,142.0
P5,140.04874,140.1
P5,132.94041,134.6
P5,140.8621,133.7
P5,141.21564,142.7
P5,131.62256,126.2
P5,140.8621,142.4
P5,151.69827,155.1
P5,144.12555,128.8
P5,140.04874,140.4
P5,110.51561,103.6
P5,132.94041,129.9
P5,140.8621,137.8
P5,134.64957,143.9
P5,144.10985,150.9
P5,151.8321,170.1
P5,135.96742,132.8
P5,144.74173,151.0
P5,145.05397,150.0
P5,144.08485,142.1
P5,135.25081,130.5
P5,151.93639,167.0
P5,140.97716,142.8
P5,132.94041,128.6
P5,144.08485,149.5
P5,142.029,134.9
P5,111.65116,105.5
P5,110.333305,118.5
P5,109.197754,102.3
P5,132.94041,135.0
P5,110.333305,110.2
P5,140.8621,130.4
P5,142.30049,135.3
P5,112.15377,110.4
P5,150.6652,155.4
P5,149.02118,138.3
P5,143.67441,145.3
P5,140.04874,136.1
P5,132.94041,136.4
P5,151.8321,168.0
P5,114.79135,129.7
P5,140.8621,140.7
P5,148.50645,147.4
P5,135.25081,131.8
P5,141.65167,139.6
P5,144.08485,156.7
P5,144.10985,143.8
P5,132.94041,128.9
P5,111.65116,104.0
P5,109.197754,103.0
P5,153.27562,162.3
P5,145.05397,156.7
P5,140.8621,132.3
P5,144.08485,141.1
P5,153.58179,155.7
P5,113.784004,106.9
P5,140.42249,142.5
P5,144.08485,148.2
P5,132.94041,137.8
P5,144.08485,144.7
P5,152.6096,151.3
P5,110.988235,101.1
P5,110.19371,102.8
P5,132.94041,137.8
P5,145.53241,139.7
P5,133.86093,129.5
P5,144.08485,143.6
P5,144.08485,139.8
P5,132.94041,127.0
P5,132.94041,133.0
P5,110.333305,102.8
P5,151.94101,152.4
P5,135.25081,132.8
P5,132.94041,127.0
P5,140.8621,139.8
P5,140.8621,138.6
P5,153.17134,155.1
P5,109.197754,101.0
P5,132.94041,130.2
P5,151.07565,152.0
P5,134.42142,130.5
P5,153.17134,167.9
P5,140.8621,131.0
P5,135.55698,135.4
P5,132.94041,128.3
P5,134.42142,130.4
P5,113.94743,102.8
P5,109.197754,104.7
P5,110.333305,104.2
P5,140.04874,142.0
P5,145.05397,146.1
P5,140.8621,141.5
P5,140.8621,134.7
P5,135.25081,127.3
P5,140.04874,140.0
P5,142.60107,143.4
P5,153.17134,153.9
P5,145.05397,150.3
P5,145.05397,148.8
P5,109.197754,99.8
P5,109.197754,105.8
P5,144.08485,156.7
P5,145.05397,143.7
P5,148.18985,147.7
P5,135.96742,141.5
P5,140.50575,142.8
P5,152.6096,149.9
P5,140.8621,132.3
P5,144.78128,144.4
P5,149.38626,147.0
P5,132.94041,131.9
P5,109.852005,105.2
P5,121.54462,121.1
P5,132.94041,134.6
P5,140.8621,140.8
P5,143.67441,145.4
P5,142.74599,139.6
P5,132.94041,136.4
P5,144.12518,148.1
P5,132.94041,133.8
P5,140.04874,142.0
P6,188.21425,192.5
P6,187.71758,162.1
P6,165.90657,162.9
P6,134.46797,128.5
P6,170.86705,190.9
P6,162.63937,182.5
P6,188.21425,195.5
P6,134.46797,129.6
P6,134.46797,128.5
P6,134.46797,125.3
P6,134.46797,123.5
P6,134.46797,127.6
P6,158.17447,167.4
P6,146.656,137.3
P6,171.60963,178.0
P6,138.35799,129.8
P6,141.27702,127.2
P6,143.49275,138.4
P6,164.84886,165.3
P6,171.60963,165.0
P6,159.36469,166.0
P6,194.85289,202.7
P6,134.46797,120.8
P6,195.34956,203.9
P6,134.46797,137.4
P6,194.85289,213.2
P6,156.92377,143.6
P6,160.19846,140.1
P6,187.71758,162.7
P6,187.71758,162.1
P6,195.34956,203.4
P6,183.55136,185.4
P6,157.5301,166.5
P6,186.09093,191.2
P6,159.78798,166.9
P6,174.30559,164.1
P6,188.21425,180.1
P6,174.20317,180.5
P6,195.34956,197.6
P6,158.17447,170.3
P6,160.19846,141.2
P6,187.71758,209.1
P6,167.42075,160.7
P6,194.85289,201.2
P6,168.18672,162.2
P6,164.56332,174.3
P6,156.92377,166.5
P6,195.34956,190.0
P6,134.46797,124.5
P6,188.21425,200.2
P6,170.35666,164.1
P6,171.60963,177.8
P6,135.51273,130.8
P6,170.41513,168.3
P6,195.34956,191.8
P6,165.82423,156.9
P6,140.01085,142.4
P6,171.04002,165.0
P6,145.26466,140.0
P6,185.82527,200.8
P6,186.09093,191.2
P6,145.82144,144.9
P6,138.25049,126.1
P6,194.85289,202.8
P6,186.09093,201.9
P6,145.82144,147.2
P6,188.21425,196.1
P6,135.51273,130.8
P6,176.27252,163.5
P6,183.55136,188.8
P6,134.46797,138.3
P6,134.46797,130.0
P6,166.2245,165.0
P6,175.0823,178.0
P6,170.64853,190.9
P6,164.84886,175.8
P6,192.91927,213.7
P6,165.52188,173.1
P6,170.92552,180.3
P6,195.34956,202.1
P6,134.46797,130.4
P6,195.34956,194.4
P6,167.42075,174.5
P6,195.34956,192.6
P6,163.24637,159.0
P6,158.53728,149.2
P6,171.23604,169.0
P6,188.21425,201.9
P6,188.21425,202.6
P6,134.46797,133.2
P6,140.01085,144.4
P6,143.49275,140.1
P6,187.71758,200.4
P6,151.72343,152.3
P6,134.46797,140.1
P6,188.21425,200.3
P6,140.01085,138.4
P6,168.8872,184.7
P6,134.46797,130.1
P6,194.85289,199.5
P6,170.49777,179.2
P6,192.42259,210.1
P6,168.73212,190.9
P6,165.82423,187.3
P6,156.92377,159.3
P6,194.85289,199.9
P6,134.46797,127.9
P6,134.46797,128.9
P6,188.21425,202.9
P6,171.09924,154.8
P6,159.14362,166.5
P6,195.34956,194.4
P6,184.74158,194.0
P6,134.46797,123.5
P6,188.21425,202.9
P6,146.4646,144.0
P6,134.46797,128.2
P6,188.21425,190.2
P6,134.46797,124.6
P6,164.84886,156.3
P6,143.49275,129.1
P6,171.60963,171.0
P6,145.0552,134.8
P6,134.46797,138.3
P6,146.4646,148.4
P6,195.34956,199.1
P6,195.34956,197.4
P6,139.7268,134.8
P6,147.29916,147.7
P6,163.17659,155.6
P6,167.43141,156.7
P6,158.17447,163.2
P6,158.53728,146.9
P6,170.18294,157.3
P6,158.53728,149.2
P6,134.46797,121.4
P6,134.46797,129.5
P6,187.71758,207.1
P6,164.84886,164.8
P6,188.21425,196.1
P6,195.34956,212.0
P6,188.21425,196.1
P6,134.46797,129.0
P6,195.34956,200.1
P6,134.46797,124.5
P6,134.46797,135.2
P6,134.46797,129.5
P6,188.21425,180.1
P6,141.38086,143.7
P6,188.21425,191.8
P6,158.58495,156.1
P6,134.46797,122.6
P6,134.46797,122.8
P6,187.71758,204.7
P6,134.46797,129.6
P6,171.60963,183.1
P6,134.46797,124.1
P6,171.60963,165.2
P6,147.29916,147.7
P6,143.49275,143.7
P6,174.27022,175.8
P6,188.21425,205.2
P6,134.46797,125.0
P6,145.82144,140.0
P6,134.46797,127.0
P6,143.49275,145.3
P6,134.46797,121.7
P6,134.46797,128.6
P6,188.21425,197.9
P6,134.46797,121.4
P6,158.17447,160.0
P6,195.34956,204.8
P6,194.85289,213.2
P6,137.13725,138.4
P6,170.41513,164.1
P6,134.46797,132.6
P6,188.21425,189.3
P6,195.34956,202.1
P6,158.17447,153.2
P6,194.85289,200.4
P6,146.4646,143.3
P6,183.05469,184.7
P6,136.99045,132.2
P6,144.32732,160.7
P6,171.60963,183.1
P6,172.13197,162.0
P6,183.78358,209.1
P6,144.13591,138.3
P6,183.05469,184.7
P6,195.34956,190.2
P6,158.17447,174.3
P6,190.42223,199.1
P6,147.29916,149.8
P6,134.46797,131.1
P6,138.05475,132.0
P6,167.42075,160.7
P6,165.45586,175.8
P6,162.63937,155.0
P6,175.0823,192.6
P6,174.1492,180.0
P6,135.51273,129.0
P6,156.92377,146.7
P6,134.46797,136.5
P6,172.99124,183.4
P6,166.23053,160.9
P6,163.24637,177.5
P6,156.92377,157.2
P6,134.46797,123.7
P6,195.34956,211.1
P6,157.5301,184.1
P6,145.82144,149.8
P6,134.46797,126.5
P6,134.46797,125.3
P6,187.71758,204.8
P6,145.82144,145.3
P6,159.78798,146.2
P6,171.09924,165.8
P6,187.71758,180.6
P6,164.84886,175.8
P6,188.21425,190.8
P6,146.4646,146.1
P6,188.21425,209.1
P6,136.36684,144.9
P6,143.49275,134.1
P6,195.34956,210.8
P6,188.21425,191.8
P6,159.78798,163.2
P6,164.84886,165.3
P6,162.63937,182.7
P6,171.60963,186.9
P6,134.46797,127.2
P6,158.53728,141.2
P6,159.78798,155.6
P6,154.36908,166.6
P6,134.46797,123.6
P6,164.84886,165.3
P6,169.75482,175.8
P6,168.46439,180.0
P6,143.49275,137.3
P6,134.46797,132.2
P6,168.45795,155.2
P6,159.36469,167.9
P6,145.26466,136.0
P6,168.8872,182.3
P6,135.30254,125.9
P6,143.49275,137.5
P6,188.21425,203.1
P6,146.4646,149.8
P6,134.46797,130.1
P6,145.26466,158.0
P6,159.36469,177.9
P6,158.53728,139.8
P6,166.58864,164.1
P6,134.46797,121.2
P6,134.46797,127.1
P6,134.46797,130.7
P6,153.33728,152.9
P6,187.71758,162.7
P6,156.92377,159.3
P6,134.46797,138.1
P6,146.4646,147.2
P6,134.46797,122.8
P6,134.46797,125.3
P6,157.036,159.4
P6,171.60963,170.6
P6,171.60963,165.0
P6,180.85541,175.6
P6,156.92377,167.0
P6,163.24637,173.0
P6,158.53728,140.2
P6,171.09924,180.0
P6,134.46797,124.2
P6,140.01085,142.4
P6,134.46797,129.5
P6,187.71758,165.1
P6,143.49275,138.9
P6,134.46797,128.2
P6,134.46797,125.8
P6,178.96848,168.0
P6,143.49275,139.0
P6,135.51273,129.7
P6,134.46797,129.3
P6,159.77516,154.5
P6,143.49275,137.4
P6,146.4646,150.6
P6,147.29916,150.6
P6,134.46797,130.8
P6,188.21425,205.2
P6,187.71758,204.7
P6,134.46797,135.2
P6,134.46797,128.5
P6,134.46797,127.0
P6,187.71758,202.6
P6,147.29916,153.2
P6,171.93439,185.5
P6,158.58495,159.3
P6,172.02261,176.1
P6,164.84886,156.9
P6,187.71758,169.2
P6,145.82144,139.0
P6,134.46797,128.5
P6,195.34956,197.7
P6,184.2449,184.7
P6,140.01085,144.4
P6,194.85289,200.4
P6,145.82144,144.2
P6,134.46797,124.3
P6,164.84886,173.1
P6,134.46797,122.2
P6,175.29321,174.4
P6,158.17447,150.6
P6,170.14018,170.6
P6,195.34956,210.9
P6,170.40147,184.7
P6,195.34956,203.4
P6,134.46797,133.2
P6,146.4646,158.0
P6,187.71758,176.6
P6,134.46797,137.9
P6,158.17447,179.6
P6,181.47586,184.7
P6,146.4646,150.8
P6,143.49275,140.1
P6,187.71758,200.4
P6,145.82144,139.0
P6,188.21425,200.0
P6,161.58519,169.7
P6,163.24637,168.7
P6,160.19846,140.1
P6,169.30385,161.4
P6,183.55136,200.8
P6,159.36469,177.5
P6,143.49275,138.6
P6,134.46797,134.6
P6,157.38768,175.2
P6,160.19846,141.5
P6,176.66113,177.8
P6,169.67482,176.1
P6,187.71758,164.3
P6,134.46797,131.7
P6,188.21425,202.9
P6,168.17313,187.3
P6,140.88046,132.2
P6,188.21425,184.8
P6,156.92377,150.6
P6,136.36684,124.1
P6,173.18846,178.0
P6,134.46797,123.7
P6,187.71758,209.1
P6,173.23286,168.3
P6,188.21425,192.5
P6,141.38086,138.3
P6,166.75133,176.9
P6,148.92885,146.6
P6,134.46797,123.7
P6,134.46797,130.7
P6,187.71758,162.1
P6,135.30254,138.1
P6,134.46797,140.1
P6,152.46939,142.4
P6,144.13591,143.7
P6,191.80373,163.3
P6,169.30057,167.0
P6,162.95,170.2
P6,194.85289,197.7
P6,176.66113,185.5
P6,190.14787,212.0
P6,156.2794,168.0
P6,173.91698,184.7
P6,162.63937,153.2
P6,172.47046,176.5
P6,170.92552,169.0
P6,163.59816,173.7
P6,158.17447,173.9
P6,134.46797,127.9
P6,195.34956,200.1
P6,193.77074,191.6
P6,194.85289,202.8
P6,195.34956,210.1
P6,145.82144,140.5
P6,147.50146,137.4
P6,160.9782,153.2
P6,134.46797,136.3
P6,146.4646,148.3
P6,173.59308,166.8
P6,171.60963,167.0
P6,153.53452,166.6
P6,158.17447,168.0
P6,157.5301,178.1
P6,171.60963,177.8
P6,187.71758,207.1
P6,172.50435,178.0
P6,166.72517,172.0
P6,134.46797,126.7
P6,195.34956,200.1
P6,134.46797,132.6
P6,171.60963,172.0
P6,157.5301,148.1
P6,145.82144,148.4
P6,170.41513,173.7
P6,167.81773,175.8
P6,148.37833,147.9
P6,158.53728,153.9
P6,156.92377,155.0
P6,134.46797,132.5
P6,146.4646,153.2
P6,144.27917,132.6
P6,134.46797,131.2
P6,167.4345,186.4
P6,195.34956,210.1
P6,145.82144,148.4
P6,135.51273,128.3
P6,149.39474,150.7
P6,158.53728,145.4
P6,166.2245,175.2
P6,192.03603,199.1
P6,134.46797,129.7
P6,143.49275,137.5
P6,134.46797,128.5
P6,187.71758,180.6
P6,134.46797,133.2
P6,134.46797,123.8
P6,136.36684,126.9
P6,188.21425,200.0
P6,175.0823,165.2
P6,157.5301,165.8
P6,186.09093,185.4
P6,175.34273,162.0
P6,195.34956,191.8
P6,195.34956,193.3
P6,134.46797,126.4
P6,134.46797,130.1
P6,171.60963,171.1
P6,150.94496,149.5
P6,154.10822,156.9
P6,171.60963,157.3
P6,194.85289,206.9
P6,159.78798,154.9
P6,161.58519,160.8
P7,126.16406,121.7
P7,97.98318,83.6
P7,97.01984,91.2
P7,126.16406,124.8
P7,97.01984,92.8
P7,148.992,155.0
P7,148.992,147.8
P7,150.59291,155.9
P7,97.01984,92.6
P7,67.50618,56.2
P7,99.07103,90.6
P7,147.86392,145.5
P7,148.992,156.4
P7,162.87752,171.8
P7,149.17278,143.1
P7,149.17278,159.9
P7,162.87752,169.1
P7,102.28884,110.4
P7,67.50618,57.7
P7,162.87752,167.9
P7,162.87752,176.4
P7,150.59291,153.8
P7,68.91543,59.1
P7,144.57047,159.7
P7,148.992,151.5
P7,150.59291,156.9
P7,143.10046,144.1
P7,126.16406,122.7
P7,99.74719,105.4
P7,97.01984,92.3
P7,102.28884,102.7
P7,162.87752,176.7
P7,102.28884,102.3
P7,67.50618,58.6
P7,145.9906,152.0
P7,99.74719,91.7
P7,97.01984,94.1
P7,97.01984,96.2
P7,68.08342,58.4
P7,97.01984,90.8
P7,128.46104,127.1
P7,162.87752,172.8
P7,102.28884,111.3
P7,162.87752,174.3
P7,126.16406,124.4
P7,99.74719,105.5
P7,144.70137,150.3
P7,126.16406,131.9
P7,99.74719,104.2
P7,67.50618,59.0
P7,126.16406,125.3
P7,127.98811,134.0
P7,144.70137,132.0
P7,126.16406,131.5
P7,67.50618,59.0
P7,79.34804,100.8
P7,126.16406,132.3
P7,97.01984,93.0
P7,148.992,154.9
P7,126.415726,131.0
P7,145.9906,152.2
P7,97.01984,90.6
P7,97.98318,94.0
P7,67.50618,58.9
P7,144.70137,148.3
P7,67.50618,58.9
P7,67.50618,55.2
P7,148.2985,160.0
P7,102.28884,102.6
P7,102.28884,98.1
P7,67.50618,59.9
P7,147.86392,152.0
P7,150.59291,159.9
P7,147.11868,153.1
P7,99.74719,104.5
P7,150.59291,155.2
P7,148.992,160.7
P7,148.992,156.9
P7,67.50618,58.2
P7,162.87752,173.2
P7,67.50618,59.0
P7,128.46104,131.1
P7,150.59291,155.9
P7,150.59291,153.7
P7,126.16406,127.4
P7,148.992,150.3
P7,68.91543,59.1
P7,148.992,153.1
P7,128.46104,125.7
P7,126.16406,126.7
P7,97.01984,94.0
P7,67.50618,54.8
P7,102.28884,107.2
P7,100.455505,89.1
P7,128.46104,119.1
P7,99.07103,93.4
P7,126.16406,127.5
P7,100.455505,109.7
P7,128.46104,125.7
P7,148.992,152.6
P7,67.50618,58.7
P7,162.87752,174.9
P7,150.59291,156.9
P7,67.50618,60.4
P7,102.28884,98.1
P7,150.59291,153.4
P7,145.9906,145.5
P7,67.50618,57.4
P7,102.28884,104.2
P7,77.21564,82.4
P7,162.87752,174.9
P7,97.01984,92.3
P7,67.50618,60.1
P7,150.59291,166.3
P7,148.992,154.5
P7,97.01984,93.0
P7,149.17278,146.9
P7,99.74719,96.0
P7,147.86392,149.8
P7,148.992,151.5
P7,147.86392,152.2
P7,88.27372,68.3
P7,99.74719,110.4
P7,67.50618,58.7
P7,76.2523,65.3
P7,148.992,152.7
P7,148.992,144.4
P7,162.87752,174.1
P7,97.01984,92.1
P7,90.26021,82.9
P7,97.98318,94.7
P7,148.992,154.8
P7,126.16406,130.3
P7,147.86392,155.1
P7,68.91543,60.3
P7,147.86392,143.8
P7,148.992,160.1
P7,67.50618,55.2
P7,148.992,155.9
P7,68.08342,59.4
P7,162.87752,175.4
P7,124.147606,133.2
P7,150.59291,160.9
P7,97.01984,93.7
P7,67.50618,60.7
P7,67.50618,59.0
P7,97.01984,91.7
P7,128.46104,127.7
P7,67.50618,58.7
P7,126.16406,135.5
P7,134.5716,138.2
P7,88.85096,93.1
P7,162.87752,173.4
P7,145.9906,161.9
P7,148.992,140.7
P7,99.74719,100.4
P7,149.71863,167.9
P7,97.01984,93.9
P7,162.87752,174.4
P7,148.992,156.0
P7,145.9906,148.6
P7,102.28884,105.4
P7,67.50618,60.4
P7,148.992,144.9
P7,67.50618,57.4
P7,102.28884,104.1
P7,99.07103,102.2
P7,88.85096,73.1
P7,67.50618,63.4
P7,162.87752,177.8
P7,67.50618,58.3
P7,97.01984,91.1
P7,99.74719,98.1
P7,150.59291,158.1
P7,67.50618,61.2
P7,126.16406,129.6
P7,67.50618,59.4
P7,149.17278,160.0
P7,126.16406,124.2
P7,123.93503,132.3
P7,97.01984,94.6
P7,150.59291,165.8
P7,67.50618,58.8
P7,144.70137,126.9
P7,128.46104,131.5
P7,97.01984,92.6
P7,162.87752,168.8
P7,144.57047,144.8
P7,97.01984,93.4
P7,100.455505,104.2
P7,67.50618,59.5
P7,67.50618,58.3
P7,162.87752,182.4
P7,97.01984,92.7
P7,99.07103,102.3
P7,97.01984,90.2
P7,126.16406,126.7
P7,147.86392,147.2
P7,150.59291,158.3
P7,97.01984,94.6
P7,147.86392,153.3
P7,145.9906,141.6
P7,99.74719,96.1
P7,67.50618,57.1
P7,67.50618,59.6
P7,97.01984,93.9
P7,144.70137,141.5
P7,67.50618,58.9
P7,150.59291,155.2
P7,67.50618,59.6
P7,147.11868,148.5
P7,150.59291,155.9
P7,67.50618,57.7
P7,97.01984,94.6
P7,102.28884,97.6
P7,144.70137,148.5
P7,126.16406,129.0
P7,144.70137,145.0
P7,162.87752,176.3
P7,67.50618,57.4
P7,162.87752,170.6
P7,97.01984,89.6
P7,150.59291,159.9
P7,147.86392,141.5
P7,148.992,160.1
P7,97.01984,94.1
P7,90.26021,100.6
P7,162.87752,171.8
P7,97.01984,93.2
P7,147.86392,152.2
P7,97.01984,94.3
P7,97.01984,91.8
P7,97.01984,92.6
P7,162.87752,181.1
P7,162.87752,171.6
P7,102.28884,110.4
P7,67.50618,59.2
P7,69.49267,63.1
P7,145.9906,145.4
P7,162.87752,171.6
P7,97.01984,91.8
P7,126.16406,124.7
P7,97.01984,95.7
P7,104.91848,97.5
P7,150.59291,156.5
P7,162.87752,176.3
P7,67.50618,57.8
P7,145.9906,148.1
P7,129.88118,125.8
P7,97.01984,92.9
P7,67.50618,60.3
P7,148.992,155.9
P7,147.57187,155.5
P7,99.74719,96.0
P7,126.16406,115.8
P7,68.98249,65.3
P7,99.74719,99.0
P7,149.17278,160.1
P7,150.59291,150.3
P7,97.01984,92.4
P7,99.74719,104.5
P7,149.17278,126.9
P7,145.9906,142.3
P7,67.50618,58.9
P7,67.50618,60.3
P7,97.01984,94.3
P7,150.59291,154.6
P7,150.59291,155.9
P7,67.50618,56.1
P7,67.50618,60.7
P7,162.87752,171.6
P7,97.01984,93.4
P7,102.28884,99.4
P7,149.17278,148.6
P7,126.16406,128.1
P7,126.16406,121.7
P7,162.87752,173.4
P7,131.42213,127.1
P7,76.2523,61.3
P7,67.50618,59.7
P7,150.59291,153.2
P7,148.992,154.5
P7,99.74719,86.9
P7,67.50618,60.7
P7,97.01984,89.6
P7,97.01984,90.6
P7,97.01984,93.5
P7,67.50618,58.9
P7,67.50618,61.8
P7,67.50618,62.1
P7,99.74719,89.2
P7,97.01984,91.6
P7,97.01984,93.7
P7,68.08342,58.6
P7,131.9251,141.2
P7,144.70137,132.0
P7,67.50618,58.3
P7,144.57047,148.6
P7,97.01984,91.4
P7,67.50618,58.1
P7,97.01984,90.3
P7,148.992,141.6
P7,67.50618,58.1
P7,126.16406,116.2
P7,104.77201,99.4
P7,97.01984,93.0
P7,150.59291,155.4
P7,126.16406,130.0
P7,102.28884,111.2
P7,97.01984,92.1
P7,150.59291,144.8
P7,126.16406,125.1
P7,126.16406,128.5
P7,99.74719,100.4
P7,97.01984,94.3
P7,126.16406,133.8
P7,162.87752,167.9
P7,148.992,155.4
P7,102.28884,111.2
P7,68.40525,68.3
P7,148.992,154.2
P7,99.07103,109.0
P7,97.01984,93.0
P7,162.87752,175.9
P7,129.88118,127.1
P7,126.16406,121.9
P7,128.46104,123.4
P7,150.59291,166.8
P7,162.87752,167.9
P7,149.86629,146.2
P7,133.91035,141.2
P7,147.86392,141.6
P7,147.86392,153.3
P7,148.992,150.3
P7,100.455505,98.1
P7,67.50618,59.1
P7,126.16406,119.1
P7,147.86392,153.3
P7,162.87752,173.2
P7,150.59291,162.3
P7,126.16406,128.5
P7,88.85096,73.1
P7,145.9906,152.2
P7,162.87752,176.0
P7,126.16406,124.4
P7,126.16406,118.1
P7,97.01984,91.9
P7,97.01984,93.2
P7,67.50618,58.1
P7,97.01984,92.2
P7,97.01984,93.4
P7,147.86392,141.5
P7,125.69114,127.8
P7,144.70137,143.1
P7,162.87752,176.4
P7,99.74719,104.2
P7,97.01984,92.9
P7,162.87752,177.8
P7,99.74719,96.8
P7,67.50618,56.2
P7,147.86392,144.0
P7,67.50618,59.0
P7,99.74719,99.0
P7,67.50618,59.3
P7,97.98318,102.3
P7,143.82709,148.6
P7,88.85096,73.1
P7,144.70137,145.9
P7,128.46104,129.7
P7,150.59291,156.4
P7,162.00323,153.4
P7,97.01984,92.4
P7,88.85096,93.1
P7,149.71863,165.4
P7,162.87752,162.7
P7,148.992,156.4
P7,67.50618,57.8
P7,97.98318,102.3
P7,102.28884,97.9
P7,126.16406,124.7
P7,162.87752,167.9
P7,150.59291,154.6
P7,147.11868,139.4
P7,69.49267,58.4
P7,97.01984,89.6
P7,148.992,154.2
P7,147.86392,153.3
P7,69.49267,61.3
P7,67.50618,61.8
P7,150.59291,154.6
P7,126.16406,134.0
P7,147.11868,140.3
P7,148.992,144.4
P7,148.992,160.6
P7,148.992,152.0
P7,67.50618,59.6
P7,147.11868,150.9
P7,97.01984,94.3
P7,148.992,161.6
P7,97.01984,90.9
P7,97.01984,92.3
P7,67.50618,57.7
P7,97.01984,92.8
P7,147.57187,159.3
P7,148.992,143.7
P7,99.74719,100.2
P7,67.50618,60.6
P7,102.28884,92.2
P7,126.16406,129.6
P7,67.50618,58.6
P7,148.992,151.1
P7,68.91543,59.4
P7,97.01984,91.7
P7,99.74719,90.3
P7,97.01984,92.1
P7,129.66487,125.8
P7,145.9906,143.2
P7,67.50618,60.1
P7,68.73951,59.6
P7,147.86392,150.3
P7,68.91543,58.9
P7,162.87752,158.3
P7,97.01984,93.4
P7,149.86629,161.6
P7,147.57187,159.3
P7,97.98318,107.5
P7,67.50618,60.3
P7,149.71863,160.8
P7,67.50618,60.5
P7,99.74719,92.7
P7,99.74719,111.1
P7,97.01984,95.7
P7,162.87752,176.1
P7,162.87752,166.9
P7,126.16406,129.2
P7,126.16406,127.1
P7,97.01984,89.8
P7,128.46104,135.5
P7,162.87752,174.1
P7,102.28884,104.2
P7,97.01984,93.5
P7,100.455505,98.4
P7,97.01984,90.8
P7,148.2985,157.3
P7,67.50618,57.7
P7,67.50618,60.4
P7,68.73951,61.2
P7,148.2985,159.2
P7,102.28884,98.1
P7,150.59291,157.4
P7,102.28884,104.2
P7,150.59291,153.2
P7,67.50618,59.6
P7,67.50618,59.4
P7,148.992,154.5
P7,126.16406,129.2
P7,150.59291,154.0
P7,150.59291,176.4
P7,68.08342,59.0
P7,147.86392,161.8
P8,93.806984,79.9
P8,60.413456,49.5
P8,96.735825,93.5
P8,96.735825,89.7
P8,96.735825,96.6
P8,60.413456,54.2
P8,96.735825,91.9
P8,160.86906,179.2
P8,141.46938,137.1
P8,60.413456,52.9
P8,160.60919,163.5
P8,153.45927,174.2
P8,153.45927,166.9
P8,130.44984,123.1
P8,60.413456,52.9
P8,149.85031,163.3
P8,176.96272,181.4
P8,60.413456,53.0
P8,153.45927,167.4
P8,97.61964,92.8
P8,97.61964,103.3
P8,165.69897,169.6
P8,60.413456,53.8
P8,60.413456,53.0
P8,176.96272,191.8
P8,96.735825,94.8
P8,94.08509,88.5
P8,173.84229,189.5
P8,94.41423,87.2
P8,60.413456,53.8
P8,153.45927,165.4
P8,153.45927,162.8
P8,153.45927,171.3
P8,60.413456,51.0
P8,96.735825,93.2
P8,94.96755,85.5
P8,175.9616,194.6
P8,60.413456,50.1
P8,65.87229,67.7
P8,60.413456,51.5
P8,60.413456,49.3
P8,163.11372,165.0
P8,163.46199,174.2
P8,133.39958,133.8
P8,152.3551,166.2
P8,97.61964,91.8
P8,97.61964,92.9
P8,139.05956,138.1
P8,160.2511,176.0
P8,60.413456,53.4
P8,152.3551,142.7
P8,130.44984,129.5
P8,97.61964,87.9
P8,97.61964,101.0
P8,96.735825,94.9
P8,176.96272,189.7
P8,133.55998,124.0
P8,60.413456,51.5
P8,133.55998,125.2
P8,60.413456,52.1
P8,64.67853,55.2
P8,138.74937,143.3
P8,96.735825,85.5
P8,128.63208,135.0
P8,164.05217,169.1
P8,130.44984,123.1
P8,163.09842,181.2
P8,172.41083,178.8
P8,97.61964,92.5
P8,153.45927,149.6
P8,96.735825,84.1
P8,164.3322,174.4
P8,130.44984,125.8
P8,96.735825,88.9
P8,96.735825,90.1
P8,149.96332,128.2
P8,176.96272,186.3
P8,152.3551,174.0
P8,60.413456,48.4
P8,96.02908,96.1
P8,96.735825,91.4
P8,176.96272,191.8
P8,96.735825,93.1
P8,152.3551,164.3
P8,60.413456,50.6
P8,61.574024,54.8
P8,60.413456,52.2
P8,130.44984,131.3
P8,128.63208,139.3
P8,152.3551,166.8
P8,176.96272,191.8
P8,176.96272,187.9
P8,94.96755,95.5
P8,153.45927,166.0
P8,158.28918,162.7
P8,176.96272,186.6
P8,142.42331,147.9
P8,130.44984,128.1
P8,173.56981,181.1
P8,96.02908,96.2
P8,153.45927,149.6
P8,133.55998,128.9
P8,103.43178,102.9
P8,133.55998,131.0
P8,62.94345,50.7
P8,176.96272,190.5
P8,92.47024,80.8
P8,60.413456,50.0
P8,60.413456,54.1
P8,167.9667,171.7
P8,95.12097,86.5
P8,175.99649,197.2
P8,152.3551,136.7
P8,60.413456,49.4
P8,176.96272,179.6
P8,60.413456,52.7
P8,152.3551,149.8
P8,153.45927,171.3
P8,96.735825,91.8
P8,152.3551,172.4
P8,96.735825,92.8
P8,153.45927,166.4
P8,60.413456,49.6
P8,96.735825,94.8
P8,176.96272,194.6
P8,60.413456,50.1
P8,60.413456,52.9
P8,153.45927,149.1
P8,128.63208,135.0
P8,96.02908,94.6
P8,94.96755,95.0
P8,153.45927,138.0
P8,153.45927,153.4
P8,167.40102,174.2
P8,130.44984,134.3
P8,97.61964,91.8
P8,152.3551,167.4
P8,96.735825,88.6
P8,60.413456,53.0
P8,96.735825,92.6
P8,94.96755,85.0
P8,128.63208,128.1
P8,143.12018,137.1
P8,60.413456,54.4
P8,60.413456,51.5
P8,60.413456,51.5
P8,147.2054,160.7
P8,60.413456,50.3
P8,153.45927,162.7
P8,97.61964,91.5
P8,96.02908,96.4
P8,97.61964,94.0
P8,60.413456,50.2
P8,60.413456,49.6
P8,153.45927,164.7
P8,164.07996,161.8
P8,146.96019,155.7
P8,69.77911,49.0
P8,72.69502,60.8
P8,60.413456,54.2
P8,153.45927,164.9
P8,154.73003,165.0
P8,94.08509,87.0
P8,134.97433,137.5
P8,97.61964,91.5
P8,149.96332,142.2
P8,94.96755,97.2
P8,168.36725,175.8
P8,128.63208,128.1
P8,152.3551,158.2
P8,152.3551,154.9
P8,72.06867,60.8
P8,153.45927,166.4
P8,176.96272,196.0
P8,96.735825,99.1
P8,96.735825,91.5
P8,65.87229,55.2
P8,60.413456,52.0
P8,100.88126,94.0
P8,150.43767,155.7
P8,153.45927,156.3
P8,96.735825,94.5
P8,166.7001,174.6
P8,153.45927,155.7
P8,60.413456,52.9
P8,130.44984,129.4
P8,153.97412,169.6
P8,96.735825,90.5
P8,161.84297,165.1
P8,128.63208,132.9
P8,169.36838,174.6
P8,60.413456,54.6
P8,165.69897,174.8
P8,60.413456,54.6
P8,157.94092,171.4
P8,152.3551,165.1
P8,153.45927,162.7
P8,149.96332,142.5
P8,60.413456,49.4
P8,60.413456,49.8
P8,60.413456,52.8
P8,153.45927,163.3
P8,97.61964,91.8
P8,67.20852,51.2
P8,167.74936,174.4
P8,60.413456,50.1
P8,153.97412,158.6
P8,176.96272,185.8
P8,151.06749,152.1
P8,149.96332,139.7
P8,153.45927,156.5
P8,97.61964,91.7
P8,60.413456,50.8
P8,133.55998,137.8
P8,133.55998,125.9
P8,97.61964,92.8
P8,151.06749,142.5
P8,157.10349,127.6
P8,94.96755,84.4
P8,94.96755,95.1
P8,60.413456,49.8
P8,149.96332,128.2
P8,157.52791,127.6
P8,140.72327,138.1
P8,60.413456,52.1
P8,167.40102,176.0
P8,176.96272,196.8
P8,96.735825,107.2
P8,167.9667,173.2
P8,60.413456,49.9
P8,153.45927,166.8
P8,174.00887,178.5
P8,94.96755,89.3
P8,161.21733,169.1
P8,131.7422,126.9
P8,60.413456,48.4
P8,163.94698,158.4
P8,176.96272,186.3
P8,152.3551,154.7
P8,96.02908,85.0
P8,96.735825,96.5
P8,96.02908,98.2
P8,131.55402,121.1
P8,60.413456,52.9
P8,151.06749,157.7
P8,96.735825,96.5
P8,96.735825,88.5
P8,162.65031,164.7
P8,152.3551,157.3
P8,173.56981,191.1
P8,93.3527,84.8
P8,65.87229,49.6
P8,96.735825,89.8
P8,176.96272,194.3
P8,128.63208,125.8
P8,152.3551,127.9
P8,128.63208,140.0
P8,133.55998,137.3
P8,168.27122,175.0
P8,176.96272,194.3
P8,135.78526,137.0
P8,60.413456,50.7
P8,60.413456,50.2
P8,96.735825,92.1
P8,142.98062,148.3
P8,149.12283,164.6
P8,153.45927,161.5
P8,96.735825,96.2
P8,95.85336,86.5
P8,96.02908,99.1
P8,130.44984,130.7
P8,152.3551,158.6
P8,94.96755,99.4
P8,157.29846,165.0
P8,96.735825,92.3
P8,160.16109,174.2
P8,136.89177,135.8
P8,130.44984,129.5
P8,151.06749,162.3
P8,176.96272,192.3
P8,96.735825,89.1
P8,163.11372,175.0
P8,60.413456,50.8
P8,134.97433,138.1
P8,156.9502,166.2
P8,176.96272,189.7
P8,96.735825,108.7
P8,176.96272,179.6
P8,96.735825,96.7
P8,97.61964,110.2
P8,60.413456,53.2
P8,60.413456,50.6
P8,60.413456,50.0
P8,65.87229,84.2
P8,60.413456,52.9
P8,93.3527,85.0
P8,97.61964,93.1
P8,153.45927,160.2
P8,165.69897,174.0
P8,60.413456,53.0
P8,60.413456,49.4
P8,149.96332,152.2
P8,153.45927,164.7
P8,60.413456,47.8
P8,151.06749,127.9
P8,94.96755,84.1
P8,158.63208,169.1
P8,153.45927,153.4
P8,166.74823,163.5
P8,164.73274,164.7
P8,161.8702,172.8
P8,97.61964,103.3
P8,95.57526,93.2
P8,159.59831,161.8
P8,60.413456,47.9
P8,153.45927,170.8
P8,96.735825,98.7
P8,176.96272,187.7
P8,60.413456,49.7
P8,96.735825,91.4
P8,97.61964,106.7
P8,164.3322,178.3
P8,92.68283,85.0
P8,153.45927,165.4
P8,131.64494,139.5
P8,96.735825,101.1
P8,152.3551,169.7
P8,68.115974,51.2
P8,160.41768,174.2
P8,153.97412,158.9
P8,96.735825,87.8
P8,60.413456,50.7
P8,94.96755,94.8
P8,152.3551,151.1
P8,176.96272,191.6
P8,134.97433,125.9
P8,96.735825,88.5
P8,60.413456,51.6
P8,97.61964,95.5
P8,96.735825,92.9
P8,96.735825,95.9
P8,60.413456,47.8
P8,153.45927,152.8
P8,131.64494,155.7
P8,176.96272,190.0
P8,60.413456,52.8
P8,96.735825,99.4
P8,97.61964,91.6
P8,154.62698,127.6
P8,60.413456,49.0
P8,176.96272,196.3
P8,96.735825,91.2
P8,96.735825,93.7
P8,153.97412,170.8
P8,161.21733,174.2
P8,133.55998,124.0
P8,153.45927,170.9
P8,95.57526,93.2
P8,96.735825,87.2
P8,97.61964,93.1
P8,94.96755,83.6
P8,60.413456,51.6
P8,176.96272,191.6
P8,175.11304,177.5
P8,130.44984,121.1
P8,165.0869,158.4
P8,176.96272,194.6
P8,176.96272,190.7
P8,60.413456,53.3
P8,175.9616,197.2
P8,60.413456,49.7
P8,152.3551,152.2
P8,96.735825,88.9
P8,159.59831,165.9
P8,92.47024,80.8
P8,96.02908,94.8
P8,130.44984,123.3
P8,128.63208,138.0
P8,96.735825,91.5
P8,176.96272,191.6
P8,176.96272,189.5
P8,96.735825,95.1
P8,93.3527,86.9
P8,160.86906,165.1
P8,153.45927,145.9
P8,97.61964,106.7
P8,96.735825,90.1
P8,97.61964,108.6
P8,171.61708,181.1
P8,155.9485,163.6
P8,93.3527,82.4
P8,96.735825,91.2
P8,153.45927,165.1
P8,165.47748,172.8
P8,60.413456,52.7
P8,94.41423,87.2
P8,175.9616,193.8
P8,94.96755,83.6
P8,155.0783,165.0
P8,60.413456,53.0
P8,154.33566,153.8
P8,133.55998,140.0
P8,60.413456,49.3
P8,101.912056,92.0
P8,94.96755,94.9
P8,153.45927,160.0
P8,60.413456,50.9
P8,153.45927,174.2
P8,96.02908,95.2
P8,162.63289,169.9
P8,176.96272,187.1
P8,60.413456,50.9
P8,153.45927,160.2
P8,93.3527,84.1
P8,154.73003,168.3
P8,96.735825,89.4
P8,165.69897,173.2
P8,97.61964,110.2
P8,171.41162,180.7
P8,152.3551,163.4
P8,60.413456,47.8
P8,96.735825,94.9
P8,176.96272,187.9
P8,154.73003,148.6
P8,166.74823,174.4
P8,149.96332,142.9
P8,149.96332,141.5
P8,153.45927,166.8
P8,92.47024,86.7
P8,60.413456,49.9
P8,96.735825,90.2
P8,96.735825,88.5
P8,96.735825,89.7
P8,79.42823,49.0
P8,60.413456,49.6
P8,96.24303,79.9
P8,153.45927,153.0
P8,97.61964,92.8
P8,153.45927,164.2
P8,164.11485,187.9
P8,170.05823,174.0
P8,174.51613,187.5
P8,151.23407,149.0
P8,60.413456,50.9
P8,60.413456,50.7
P8,94.96755,96.1
P8,176.96272,188.9
P8,166.02995,183.6
P8,61.574024,53.2
P8,96.02908,95.2
P8,96.735825,94.9
P8,152.3551,170.8
P8,96.735825,92.3
P8,93.3527,86.7
P8,96.735825,88.5
P8,141.64954,163.3
P8,153.45927,165.1
P8,96.735825,98.3
P8,153.45927,163.5
P8,176.96272,194.6
P8,133.56238,164.5
P8,60.413456,50.6
P8,94.96755,89.3
P8,176.96272,179.2
P8,96.735825,92.3
P8,150.96445,142.7
P8,153.45927,159.6
P8,152.3551,163.5
P8,153.45927,162.0
P8,152.3551,154.0
P8,167.11453,163.6
P8,96.735825,93.1
P8,152.3551,164.7
P8,152.3551,167.7
P8,128.63208,139.5
P9,82.45371,80.5
P9,67.12447,64.4
P9,87.67714,90.5
P9,86.82831,83.9
P9,67.12447,61.3
P9,90.51368,102.1
P9,105.83185,115.1
P9,81.75828,78.1
P9,88.308876,87.0
P9,105.83185,108.9
P9,87.67714,91.6
P9,96.84649,98.4
P9,101.01125,93.1
P9,90.129105,95.0
P9,100.06839,102.2
P9,67.12447,63.0
P9,105.44727,112.6
P9,89.08389,87.1
P9,88.061714,87.7
P9,100.06839,99.9
P9,67.12447,63.0
P9,67.12447,64.1
P9,88.07467,89.0
P9,67.12447,64.5
P9,86.41769,77.4
P9,88.60785,92.1
P9,84.721306,91.6
P9,100.62829,104.9
P9,100.054634,99.4
P9,69.6127,71.2
P9,87.66338,89.4
P9,88.061714,90.4
P9,87.67714,87.2
P9,104.798935,112.0
P9,100.642044,94.9
P9,87.67714,83.0
P9,105.83185,98.3
P9,85.899025,88.6
P9,67.12447,61.0
P9,103.11581,102.5
P9,87.67714,89.7
P9,85.94423,80.4
P9,79.49876,78.5
P9,84.83032,88.8
P9,99.291885,98.6
P9,85.03893,92.9
P9,67.12447,62.5
P9,103.237274,101.7
P9,100.642044,105.2
P9,89.08389,91.6
P9,87.732216,90.2
P9,87.0613,84.2
P9,81.99313,82.3
P9,100.642044,105.2
P9,94.712875,95.9
P9,105.83185,117.5
P9,83.2177,84.8
P9,88.061714,83.8
P9,88.68901,93.1
P9,96.9425,102.8
P9,79.49876,73.5
P9,85.15662,72.3
P9,79.8399,72.4
P9,105.83185,115.1
P9,105.83185,115.1
P9,80.75379,77.4
P9,90.49992,96.4
P9,88.061714,87.1
P9,101.29038,106.7
P9,104.72092,103.3
P9,88.67327,88.8
P9,83.57972,77.7
P9,67.12447,61.0
P9,105.83185,115.1
P9,95.902054,94.5
P9,89.599785,103.1
P9,89.46847,88.6
P9,87.67714,84.2
P9,87.67714,87.8
P9,103.11581,101.3
P9,100.642044,97.5
P9,88.061714,84.1
P9,104.798935,107.2
P9,100.642044,104.2
P9,100.642044,103.6
P9,67.12447,64.1
P9,85.94423,79.4
P9,83.2177,87.8
P9,105.83185,115.0
P9,88.67327,92.5
P9,88.061714,89.4
P9,79.88957,79.1
P9,89.98348,101.4
P9,100.06839,100.5
P9,94.712875,96.0
P9,88.59409,91.6
P9,82.83829,80.5
P9,80.832184,76.8
P9,96.27927,97.9
P9,88.78175,84.2
P9,105.369255,100.5
P9,67.544174,61.0
P9,105.83185,105.5
P9,90.79955,96.0
P9,105.83185,115.3
P9,88.061714,89.3
P9,79.49876,72.3
P9,88.65025,87.6
P9,68.37327,64.1
P9,105.83185,115.1
P9,88.60785,92.9
P9,88.3395,90.6
P9,100.20859,104.9
P9,105.83185,114.1
P9,88.061714,89.3
P9,88.061714,88.3
P9,88.239815,87.1
P9,100.06839,106.1
P9,94.712875,92.5
P9,67.12447,61.5
P9,88.67327,86.8
P9,88.89372,92.5
P9,67.12447,63.0
P9,100.06839,101.6
P9,88.65025,86.7
P9,88.061714,86.8
P9,89.03483,90.5
P9,88.63405,85.5
P9,89.478004,85.0
P9,105.83185,109.9
P9,88.3743,87.7
P9,103.11581,103.3
P9,95.74629,93.3
P9,67.12447,62.5
P9,100.642044,103.4
P9,100.642044,99.4
P9,100.642044,101.6
P9,100.642044,99.7
P9,67.12447,58.9
P9,87.67714,84.8
P9,88.031364,101.2
P9,103.50038,112.0
P9,67.544174,63.5
P9,100.642044,106.4
P9,100.642044,99.1
P9,85.94423,79.4
P9,67.12447,59.5
P9,100.06839,95.0
P9,87.1938,90.2
P9,85.94423,81.9
P9,67.12447,64.1
P9,104.798935,99.6
P9,78.5911,74.8
P9,89.76679,86.5
P9,105.83185,113.9
P9,90.51368,98.4
P9,100.06839,100.9
P9,89.46847,86.0
P9,80.832184,78.1
P9,88.061714,90.5
P9,79.49876,78.1
P9,67.544174,63.1
P9,100.642044,103.4
P9,98.14543,98.4
P9,87.0613,83.0
P9,90.51368,103.1
P9,88.061714,85.6
P9,87.00607,92.5
P9,82.798,84.8
P9,86.03665,90.6
P9,100.06839,102.2
P9,89.76679,87.4
P9,102.85204,108.7
P9,93.58391,101.8
P9,105.83185,111.0
P9,85.94423,80.5
P9,105.83185,114.3
P9,87.67714,84.8
P9,91.16649,88.4
P9,105.83185,115.1
P9,85.88527,89.3
P9,86.62748,80.8
P9,90.51368,93.0
P9,67.12447,64.0
P9,67.12447,64.7
P9,89.22456,91.4
P9,89.03483,89.6
P9,88.061714,88.3
P9,89.65609,95.7
P9,87.9243,87.7
P9,78.0649,89.6
P9,88.061714,85.6
P9,88.17439,88.6
P9,105.83185,106.6
P9,80.832184,72.8
P9,87.66338,91.0
P9,102.85204,107.5
P9,84.94939,82.9
P9,87.67714,81.8
P9,67.12447,61.5
P9,104.44002,110.0
P9,67.12447,58.3
P9,87.24976,91.8
P9,90.49992,93.1
P9,89.04409,87.7
P9,100.06839,101.8
P9,88.061714,86.6
P9,83.00938,87.8
P9,86.63958,88.8
P9,88.061714,86.7
P9,104.798935,99.6
P9,67.12447,65.0
P9,67.544174,66.3
P9,89.02107,87.7
P9,88.061714,90.5
P9,88.00925,89.7
P9,90.129105,102.5
P9,79.830444,92.9
P9,87.67714,90.8
P9,67.12447,63.3
P9,83.236694,76.8
P9,86.706276,85.5
P9,105.83185,109.9
P9,85.51357,92.5
P9,100.06839,96.3
P9,90.51368,103.1
P9,89.48486,93.2
P9,94.69912,93.6
P9,89.08389,90.6
P9,67.12447,63.2
P9,105.18351,109.9
P9,102.85204,106.7
P9,105.83185,110.5
P9,67.12447,61.2
P9,105.83185,106.6
P9,100.06839,109.2
P9,104.72092,100.2
P9,102.85204,106.4
P9,88.78175,83.0
P9,67.12447,63.1
P9,88.223274,91.2
P9,94.712875,91.2
P9,99.683815,97.5
P9,101.29038,106.4
P9,102.97351,101.3
P9,67.12447,61.5
P9,105.83185,86.9
P9,67.12447,63.3
P9,89.13106,78.1
P9,100.06839,99.4
P9,103.833664,114.1
P9,84.301605,91.2
P9,101.29038,109.2
P9,67.12447,61.9
P9,67.12447,63.0
P9,101.29038,100.4
P9,67.12447,64.6
P9,80.75379,78.5
P9,81.72087,72.3
P9,85.94423,77.2
P9,100.06839,101.8
P9,100.06839,102.1
P9,88.061714,84.2
P9,90.129105,86.1
P9,91.631836,92.0
P9,87.56515,89.7
P9,85.94423,79.4
P9,88.061714,88.6
P9,101.29038,101.4
P9,90.51368,102.5
P9,85.83284,75.2
P9,87.67714,86.6
P9,105.83185,100.1
P9,83.25799,79.1
P9,89.599785,72.8
P9,86.80519,104.7
P9,78.5911,71.7
P9,100.25747,99.9
P9,105.83185,115.3
P9,80.6756,80.5
P9,102.23002,104.3
P9,90.51368,98.4
P9,67.12447,64.6
P9,84.94939,80.7
P9,103.11581,98.8
P9,83.2177,84.8
P9,88.451065,92.0
P9,85.51357,89.7
P9,89.46847,89.4
P9,101.29038,112.3
P9,87.67714,88.4
P9,103.62185,112.4
P9,103.11581,111.3
P9,80.75379,72.3
P9,80.74755,72.8
P9,85.94423,86.4
P9,95.19532,93.3
P9,77.41052,89.6
P9,101.58168,98.8
P9,102.97351,99.1
P9,85.39938,75.2
P9,89.95653,93.0
P9,67.12447,64.6
P9,67.12447,64.7
P9,88.132866,92.0
P9,87.67714,87.7
P9,101.29038,99.9
P9,101.29038,108.2
P9,96.17975,92.0
P9,105.83185,110.0
P9,100.25747,99.4
P9,90.08022,95.7
P9,86.62748,83.4
P9,94.712875,93.9
P9,89.22456,86.7
P9,105.83185,112.8
P9,90.51368,100.0
P9,103.50038,102.5
P9,88.67327,93.0
P9,105.26128,110.2
P9,98.24057,102.1
P9,68.7841,68.8
P9,95.74629,94.5
P9,105.44727,86.9
P9,102.87496,106.5
P9,94.712875,86.2
P9,88.061714,87.7
P9,105.83185,112.8
P9,98.82593,101.1
P9,87.24368,88.7
P9,88.48529,90.8
P9,67.12447,61.5
P9,105.44727,107.2
P9,86.62748,78.9
P9,82.69029,86.8
P9,104.44002,116.6
P9,87.732216,88.2
P9,90.129105,102.8
P9,105.83185,117.3
P9,67.12447,63.6
P9,89.599785,88.5
P9,68.87618,71.2
P9,87.67714,87.1
P9,100.642044,99.4
P9,96.17975,98.4
P9,98.447754,96.9
P9,88.89372,90.5
P9,67.12447,60.4
P9,100.642044,98.4
P9,102.23002,102.7
P9,96.16599,94.5
P9,103.60809,109.8
P9,100.06839,99.9
P9,88.061714,87.7
P9,89.08389,86.5
P9,100.62829,103.3
P9,85.94423,81.2
P9,99.2105,93.8
P9,88.65025,88.4
P9,88.061714,88.6
P9,86.62748,89.0
P9,88.78175,87.8
P9,67.12447,61.2
P9,94.841354,88.4
P9,83.25799,100.1
P9,85.70289,72.8
P9,80.74755,78.3
P9,94.69912,91.9
P9,88.061714,81.3
P9,81.661446,76.7
P9,88.061714,88.2
P9,103.62185,104.3
P9,105.44727,110.5
P9,101.27663,107.2
P9,87.1732,86.7
P9,69.28716,62.4
P9,100.06839,106.1
P9,85.94423,80.4
P9,105.83185,109.7
P9,105.44727,112.0
P9,100.06839,101.6
P9,105.83185,112.0
P9,103.11581,99.0
P9,67.12447,65.0
P9,84.918945,84.0
P9,91.8193,88.7
P9,88.04796,90.5
P9,67.12447,64.5
P9,90.51368,100.0
P9,82.99487,80.7
P9,88.061714,87.8
P9,105.83185,117.3
P9,78.5911,79.0
P9,70.922615,71.2
P9,89.07014,91.0
P9,78.5911,79.0
P9,86.80226,88.4
P9,88.061714,89.8
P9,67.12447,60.6
P9,99.2105,101.1
P9,67.12447,66.3
P9,95.034904,99.4
P9,94.69912,91.8
P9,98.24057,96.0
P9,67.12447,62.4
P9,90.129105,93.0
P9,89.04409,87.9
P9,79.49876,78.1
P9,90.498116,104.7
P9,92.47715,101.8
P9,88.061714,87.3
P9,79.49876,78.5
P9,80.75379,71.7
P9,93.29883,88.7
P9,105.83185,111.0
P9,105.83185,117.3
P9,105.83185,107.2
P9,100.642044,102.5
P9,79.49876,77.2
P9,99.00332,103.0
P9,105.83185,110.3
P9,85.96769,74.8
P9,86.62748,89.0
P9,89.46847,93.0
P9,80.41265,80.7
P9,105.83185,112.3
P9,103.62185,112.0
P9,81.99313,96.9
P9,89.08389,89.7
P9,95.91581,94.9
P9,83.81365,93.2
P9,89.46847,88.6
P9,105.83185,100.2
P9,67.12447,63.5
P9,85.51357,91.1
P9,80.75379,77.2
P9,88.52998,92.9
P9,85.91881,101.2
P9,100.642044,101.0
P9,105.83185,115.7
P9,88.061714,90.5
P9,101.29038,101.4
P9,85.94423,81.3
P9,83.41457,73.6
P9,67.12447,63.8
P9,86.62748,82.3
P9,88.60785,86.8
P9,85.94423,80.5
P9,88.061714,89.3
P9,84.98001,74.7
P9,67.12447,62.8
P9,76.85824,77.2
P9,92.47715,99.2
P9,90.51368,101.4
P9,100.642044,101.0
P9,90.06671,96.4
P9,94.712875,95.0
P9,87.00607,88.3
P9,80.75379,78.3
P9,105.44727,113.9
P9,88.061714,87.2
P9,105.83185,112.6
P9,67.12447,63.0
P9,102.97351,88.2
P9,94.12333,84.4
P9,67.12447,63.3
P9,79.839584,77.2
P9,87.67714,83.4
P9,100.642044,99.4
P9,90.51368,97.2
P9,82.798,88.3
P9,67.12447,65.5
P9,67.12447,66.3
P9,89.46847,88.6
P9,90.51368,95.0
P9,95.39337,93.3
P9,67.12447,58.6
P9,104.53807,100.1
P9,94.27942,89.7
P9,94.69912,86.2
P9,67.12447,65.7
P9,102.97351,109.2
P9,88.061714,83.3
P9,105.83185,102.7
P9,100.054634,100.1
P9,84.671814,74.6
P9,86.42123,87.7
P9,85.94423,86.4
P9,67.544174,64.7
P9,67.12447,65.0
P9,90.51368,100.8
P9,78.5911,70.9
P9,88.35099,84.0
P9,75.56054,73.6
P9,105.83185,109.9
P9,105.83185,108.0
P9,105.83185,108.2
P9,85.94423,81.9
P9,88.061714,82.1
P9,67.544174,64.5
P9,105.44727,107.3
P9,87.56056,74.6
P9,88.079605,86.1
P9,88.061714,87.2
P9,67.544174,64.5
P9,105.44727,107.3
P9,105.83185,115.0
P9,98.14543,103.7
P9,105.83185,99.6
P9,100.06839,102.7
P9,86.80226,92.2
P9,88.061714,83.4
P9,105.83185,108.9
P9,101.93063,102.9
P9,100.06839,102.7
P9,67.12447,61.0
P9,89.057846,91.0
P9,96.967125,91.9
P9,68.79297,67.1
P9,87.67714,89.4
P9,105.83185,114.7
P9,67.12447,63.6
P9,105.83185,114.7
P9,86.62748,84.1
P9,67.12447,63.0
P9,105.83185,116.4
P9,97.57411,99.5
P9,79.8399,78.7
P9,100.06839,112.0
P9,87.86558,87.8
P9,81.661446,78.7
P9,88.061714,89.0
P9,67.12447,64.6
P9,96.75994,94.9
P9,88.061714,88.6
P9,67.12447,65.4
P9,100.06839,101.8
P9,100.06839,100.9
P9,98.865456,102.0
P9,96.58255,94.9
P9,67.12447,63.2
P9,67.12447,62.8
P9,103.50038,103.5
P9,67.12447,61.2
P9,86.80226,88.8
P9,94.3283,95.5
P9,87.67714,87.8
P9,103.11581,101.7
P9,101.29038,101.4
P9,87.67714,84.3
P9,79.88957,77.8
P9,79.49876,77.7
P9,104.43662,107.2
P9,67.12447,62.8
P9,96.16599,89.5
P9,67.12447,64.7
P9,67.544174,62.8
P9,84.721306,91.6
P9,88.061714,87.6
P9,105.44727,110.0
P9,88.061714,88.3
P9,101.29038,100.6
P9,89.46847,91.5
P9,82.23046,72.8
P9,94.14132,98.1
P9,100.06839,100.5
P9,100.642044,102.1
P9,71.406784,92.9
P9,102.23002,106.5
P9,67.12447,63.2
P9,88.061714,88.5
P9,105.83185,114.6
P9,102.46747,112.6
P9,79.88333,72.3
P9,67.12447,66.1
P9,100.06839,107.8
P9,100.06839,95.8
P9,87.67714,87.1
P9,89.057846,91.8
P9,88.60137,87.1
P9,90.129105,102.8
P9,68.7841,68.8
P9,103.60809,98.3
P9,67.12447,66.1
P9,88.65025,91.2
P9,88.16519,97.6
P9,88.061714,93.0
P9,67.12447,59.7
P9,89.46847,93.0
P9,87.67714,86.5
P9,103.62185,111.3
P9,105.83185,109.5
P9,85.47574,86.9
P9,87.21288,83.8
P9,102.23002,105.7
P9,88.061714,90.5
P9,88.061714,88.4
P9,105.83185,112.0
P9,100.642044,101.4
P9,67.12447,64.5
P9,88.223274,91.6
P9,102.97351,102.7
P9,88.061714,83.8
P9,67.12447,65.4
P9,89.95653,84.8
P9,94.712875,99.2
P9,101.29038,104.2
P9,94.712875,92.9
P9,67.12447,62.8
P9,100.25747,101.1
P9,67.12447,63.0
P9,67.12447,63.2
P9,100.054634,101.8
P9,105.83185,114.7
P9,86.352264,88.8
P9,86.352264,83.1
P9,67.12447,62.8
P9,94.314545,92.0
P9,98.10271,106.4
P9,68.79297,66.1
P9,81.33864,76.2
P9,88.061714,87.0
P9,87.9243,86.8
P9,103.50038,103.6
P9,67.12447,63.5
P9,67.12447,60.0
P10,139.94891,140.2
P10,117.01589,112.9
P10,135.7332,135.3
P10,123.5751,129.0
P10,139.94891,147.7
P10,117.37973,114.2
P10,114.92281,111.8
P10,118.681076,115.2
P10,117.80634,128.9
P10,114.36111,111.0
P10,114.36111,105.4
P10,119.35937,119.1
P10,121.088844,113.3
P10,117.80634,119.0
P10,76.45811,69.5
P10,122.39765,127.7
P10,123.5751,122.0
P10,76.79832,69.5
P10,83.73467,78.7
P10,117.98783,114.5
P10,123.5751,116.0
P10,83.59425,77.6
P10,114.92281,113.6
P10,135.00192,144.6
P10,116.586525,110.9
P10,118.681076,119.1
P10,123.5751,129.5
P10,123.5751,136.5
P10,117.01589,116.9
P10,139.94891,155.6
P10,134.36168,139.2
P10,119.124886,125.4
P10,83.59425,77.3
P10,117.98783,116.5
P10,123.5751,131.5
P10,135.7332,136.0
P10,139.09001,141.1
P10,117.98783,115.8
P10,123.5751,137.2
P10,117.80634,117.4
P10,123.5751,129.2
P10,121.088844,121.4
P10,123.5751,131.5
P10,121.088844,112.7
P10,78.45677,72.2
P10,117.98783,118.1
P10,117.757195,126.2
P10,117.98783,114.5
P10,124.30421,126.3
P10,117.19738,112.2
P10,129.88391,126.3
P10,118.862564,123.0
P10,122.456535,114.4
P10,76.45811,69.1
P10,117.19738,122.0
P10,121.088844,127.6
P10,117.98783,122.0
P10,114.92281,111.5
P10,117.01589,116.9
P10,117.98783,116.5
P10,90.03844,83.1
P10,117.01589,125.1
P10,123.5751,127.9
P10,123.02915,118.1
P10,76.45811,70.4
P10,78.45677,72.6
P10,76.699196,71.1
P10,123.02915,116.9
P10,76.45811,70.3
P10,138.67635,144.1
P10,117.01589,117.4
P10,117.01589,111.4
P10,118.681076,118.7
P10,117.98783,116.2
P10,125.46253,120.1
P10,139.94891,149.0
P10,117.01589,127.6
P10,134.36168,135.2
P10,82.90787,78.8
P10,87.206345,95.8
P10,117.80634,121.8
P10,114.36111,109.3
P10,117.757195,118.5
P10,78.45677,76.7
P10,117.19549,108.5
P10,117.01589,118.1
P10,116.40504,100.6
P10,123.02915,119.3
P10,123.02915,120.9
P10,78.45677,76.7
P10,122.39765,121.6
P10,123.5751,132.4
P10,123.5751,137.2
P10,117.19738,116.2
P10,115.78461,111.7
P10,114.36111,105.8
P10,139.94891,140.2
P10,121.088844,120.1
P10,118.25171,116.7
P10,117.98783,114.5
P10,114.92281,110.3
P10,139.94891,155.6
P10,139.94891,141.2
P10,117.98783,121.5
P10,117.98783,115.5
P10,123.5751,130.7
P10,95.16464,89.7
P10,120.29839,116.4
P10,117.19738,116.5
P10,117.98783,117.5
P10,116.96674,119.0
P10,76.45811,67.9
P10,117.19738,112.8
P10,139.94891,141.3
P10,117.19738,122.6
P10,117.98783,116.9
P10,117.98783,124.6
P10,134.36168,139.2
P10,78.45677,72.5
P10,123.5751,122.0
P10,78.45677,73.3
P10,116.96674,115.2
P10,76.45811,68.9
P10,123.02915,129.1
P10,123.5751,130.7
P10,76.45811,67.6
P10,117.98783,115.7
P10,121.088844,115.9
P10,78.45677,72.1
P10,123.5751,132.4
P10,93.39134,95.8
P10,139.94891,155.8
P10,139.94891,154.4
P10,139.94891,142.8
P10,136.37344,136.9
P10,78.45677,72.2
P10,78.45677,76.7
P10,114.36111,113.3
P10,83.59425,78.7
P10,78.45677,72.2
P10,136.37344,141.2
P10,76.45811,70.2
P10,117.80634,119.0
P10,117.98783,125.7
P10,118.862564,116.1
P10,114.92281,112.2
P10,123.5751,129.1
P10,132.03531,120.1
P10,117.98783,111.9
P10,135.38826,142.0
P10,115.78461,113.8
P10,123.5751,129.4
P10,117.19738,114.0
P10,122.460144,121.0
P10,123.02915,123.9
P10,114.36111,112.2
P10,123.5751,128.8
P10,117.19738,122.1
P10,118.681076,121.5
P10,114.92281,116.7
P10,85.85166,78.0
P10,78.45677,74.4
P10,83.59425,81.5
P10,123.5751,131.9
P10,135.49872,147.9
P10,121.088844,121.3
P10,117.376976,111.2
P10,123.02554,122.0
P10,117.98783,118.5
P10,123.5751,130.8
P10,121.088844,131.0
P10,121.088844,115.2
P10,139.3799,144.1
P10,117.376976,116.7
P10,117.757195,117.3
P10,78.45677,76.2
P10,76.45811,71.1
P10,76.45811,70.0
P10,117.19738,118.8
P10,117.80634,125.8
P10,121.13799,116.1
P10,117.98783,125.5
P10,117.80634,121.8
P10,117.98783,116.7
P10,138.77147,143.7
P10,84.29662,81.5
P10,123.5751,120.1
P10,123.5751,124.0
P10,117.19738,118.6
P10,123.5751,130.7
P10,117.98783,115.7
P10,114.92281,115.8
P10,117.19738,114.0
P10,117.01589,110.8
P10,79.0179,74.6
P10,114.36111,105.8
P10,114.36111,106.5
P10,116.96674,115.9
P10,117.01589,119.0
P10,78.45677,75.9
P10,76.45811,70.3
P10,117.19738,125.6
P10,117.757195,126.6
P10,116.586525,115.8
P10,123.5751,129.1
P10,123.5751,130.7
P10,117.98783,116.5
P10,116.96674,115.2
P10,139.94891,140.2
P10,138.41417,138.4
P10,114.36111,111.8
P10,123.5751,138.2
P10,123.5751,126.4
P10,116.96674,112.3
P10,117.80634,118.7
P10,82.73604,76.9
P10,116.586525,92.7
P10,121.13799,115.2
P10,117.19549,108.5
P10,123.5751,123.8
P10,117.19738,125.7
P10,114.36111,105.1
P10,117.19738,118.1
P10,117.98783,117.5
P10,123.5751,130.7
P10,114.92281,112.2
P10,116.34631,116.9
P10,122.39765,115.2
P10,83.59425,81.3
P10,117.19738,115.8
P10,121.91058,115.9
P10,116.96674,112.4
P10,117.01589,115.2
P10,117.01589,115.5
P10,123.5751,125.0
P10,121.24932,120.1
P10,139.94891,140.3
P10,123.5751,130.2
P10,78.45677,71.5
P10,117.80634,110.1
P10,117.19738,116.9
P10,121.088844,131.0
P10,137.37856,141.4
P10,123.5751,121.3
P10,117.01589,115.9
P10,117.19738,118.8
P10,117.80634,127.6
P10,116.96674,123.8
P10,117.19549,105.2
P10,123.5751,129.2
P10,137.46266,142.2
P10,85.85166,80.2
P10,117.376976,112.2
P10,78.45677,72.4
P10,117.19738,122.3
P10,115.78461,119.2
P10,117.01589,113.3
P10,121.088844,120.6
P10,121.088844,126.1
P10,117.98783,116.5
P10,117.98783,119.1
P10,117.98783,120.7
P10,115.78461,106.3
P10,78.45677,74.4
P10,123.5751,121.9
P10,123.5751,129.2
P10,122.456535,121.1
P10,78.45677,72.6
P10,139.40297,153.8
P10,76.45811,67.5
P10,122.39765,122.8
P10,117.98783,118.5
P10,117.98783,112.8
P10,82.90787,78.8
P10,117.01589,113.8
P10,137.37856,145.0
P10,117.19738,114.1
P10,76.45811,69.1
P10,114.36111,110.3
P10,117.01589,112.8
P10,78.45677,72.3
P10,117.98783,121.5
P10,114.92281,111.4
P10,118.681076,118.3
P10,114.36111,110.9
P10,123.02915,130.4
P10,118.862564,122.5
P10,116.40504,116.9
P10,139.94891,145.0
P10,123.5751,132.6
P10,119.58405,119.4
P10,139.94891,145.0
P10,117.98783,116.5
P10,117.98783,116.6
P10,123.02915,120.3
P10,114.36111,115.9
P10,78.45677,72.4
P10,118.57893,119.4
P10,117.376976,116.9
P10,76.45811,67.6
P10,77.668724,72.0
P10,122.39765,124.8
P10,133.08911,141.5
P10,123.5751,124.0
P10,123.5751,129.1
P10,117.98783,120.1
P10,119.42366,118.7
P10,123.5751,122.0
P10,117.01589,117.9
P10,122.456535,121.3
P10,88.70279,95.8
P10,119.35937,118.5
P10,114.36111,111.9
P10,78.45677,72.0
P10,117.98783,114.8
P10,119.35937,122.5
P10,78.45677,74.6
P10,137.37856,142.3
P10,117.01589,118.6
P10,121.088844,122.0
P10,136.37344,141.4
P10,78.94859,71.5
P10,121.088844,120.1
P10,114.92281,111.9
P10,104.031204,101.5
P10,138.77147,150.3
P10,121.088844,126.5
P10,83.19074,81.5
P10,116.96674,120.1
P10,137.37856,141.7
P10,123.02915,115.9
P10,117.11544,120.7
P10,81.299164,72.2
P10,135.49872,135.3
P10,117.80634,110.5
P10,123.5751,129.8
P10,117.98783,118.0
P10,117.757195,126.6
P10,123.5751,122.4
P10,121.91058,121.7
P10,121.088844,113.6
P10,78.45677,71.8
P10,76.45811,70.2
P10,123.5751,131.8
P10,117.19738,122.6
P10,114.36111,111.8
P10,114.92281,111.1
P10,117.98783,116.9
P10,117.98783,123.0
P10,139.94891,155.7
P10,139.94891,150.5
P10,117.80634,113.3
P10,117.757195,113.0
P10,123.5751,122.0
P10,123.5751,130.6
P10,121.088844,120.3
P10,117.98783,125.4
P10,116.40504,113.8
P10,122.39765,115.9
P10,114.92281,110.0
P10,139.94891,144.4
P10,116.586525,97.3
P10,122.39765,122.5
P10,78.45677,72.3
P10,122.55632,107.8
P10,116.96674,120.0
P10,117.98783,122.1
P10,123.5751,121.1
P10,116.586525,118.5
P10,114.36111,111.0
P10,114.36111,105.8
P10,117.80634,116.3
P10,76.45811,69.3
P10,123.5751,115.1
P10,135.49872,141.8
P10,123.686905,141.5
P10,123.5751,132.6
P10,116.40504,116.9
P10,114.36111,106.5
P10,139.94891,154.6
P10,76.45811,69.3
P10,117.01589,125.8
P10,117.98783,123.0
P10,117.01589,118.8
P10,123.5751,129.0
P10,83.172966,78.0
P10,139.94891,151.7
P10,117.01589,112.9
P10,121.088844,123.5
P10,119.47281,115.8
P10,123.5751,131.9
P10,123.02915,121.0
P10,122.39765,120.9
P10,118.681076,116.9
P10,139.94891,150.5
P10,78.45677,75.4
P10,117.98783,121.5
P10,119.124886,116.0
P10,114.92281,115.7
P10,123.5751,129.8
P10,119.35937,115.7
P10,78.45677,72.6
P10,121.088844,126.5
P10,117.19738,122.3
P10,122.39765,120.7
P10,118.63193,125.5
P10,117.98783,116.1
P10,117.19738,120.2
P10,123.5751,136.5
P10,121.088844,120.2
P10,122.39765,131.0
P10,116.96674,119.0
P10,117.19738,118.7
P10,123.5751,130.8
P10,123.5751,129.2
P10,78.45677,75.9
P10,117.98783,116.0
P10,117.80634,127.6
P10,117.19738,116.7
P10,117.80634,117.6
P10,116.40504,108.3
P10,123.5751,128.9
P10,121.088844,112.8
P10,76.45811,67.6
P10,78.45677,72.6
P10,117.01589,116.9
P10,123.5751,129.5
P10,114.92281,112.0
P10,121.00474,121.0
P10,123.5751,129.7
P10,76.45811,67.7
P10,117.98783,125.5
P10,117.19738,116.5
P10,139.94891,140.3
P10,114.36111,110.8
P10,123.5751,129.2
P10,117.98783,122.1
P10,121.088844,116.3
P10,118.496994,118.5
P10,136.37344,141.4
P10,122.39765,129.9
P10,117.98783,118.1
P10,117.01589,127.6
P10,86.47737,95.8
P10,123.02915,117.3
P10,117.01589,128.7
P10,117.01589,118.1
P10,123.5751,121.7
P10,121.088844,127.6
P10,138.72368,142.8
P10,121.088844,116.0
P10,76.45811,71.1
P10,123.02554,114.4
P10,118.862564,116.5
P10,123.5751,129.2
P10,117.98783,112.8
P10,114.36111,111.7
P10,117.98783,118.5
P10,78.45677,72.3
P10,117.98783,119.4
P10,122.456535,121.9
P10,123.02915,120.9
P10,114.92281,115.6
P10,121.91058,120.4
P10,123.5751,127.9
P10,76.45811,70.0
P10,80.474365,79.7
P10,83.59425,78.7
P10,139.94891,142.3
P10,117.98783,125.7
P10,134.36168,147.9
P10,83.59425,81.3
P10,138.41072,142.0
P10,117.01589,116.3
P10,117.80634,119.0
P10,123.5751,128.9
P10,122.39765,116.8
P10,119.35937,122.1
P10,115.78461,116.9
P10,117.01589,112.9
P10,117.98783,118.8
P10,122.39765,127.7
P10,121.088844,115.7
P10,117.01589,113.9
P10,139.39935,153.9
P10,118.681076,113.0
P10,83.59425,76.9
P10,123.5751,120.4
P10,122.39765,115.9
P10,121.088844,115.5
P10,123.5751,130.4
P10,122.39765,121.3
P10,117.98783,117.5
P10,121.088844,123.5
P10,78.45677,73.2
P10,123.5751,130.7
P10,139.40297,154.6
P10,115.78461,123.8
P10,121.088844,119.5
P10,123.02915,118.1
P10,123.5751,137.9
P10,123.5751,131.6
P10,116.96674,118.1
P10,120.29839,120.1
P10,117.98783,119.2
P10,123.5751,137.9
P10,117.98783,115.1
P10,139.40297,142.2
P10,139.94891,141.3
P10,83.19074,81.3
P10,123.5751,129.4
P10,117.98783,119.1
P10,117.98783,114.7
P10,117.19738,117.1
P10,123.5751,131.2
P10,119.35937,118.0
P10,118.681076,112.7
P11,78.05602,73.2
P11,98.90485,95.0
P11,99.23163,92.5
P11,78.05602,72.2
P11,78.05602,74.2
P11,96.7373,91.6
P11,99.486275,105.9
P11,96.7373,91.3
P11,117.37965,118.2
P11,139.65166,139.7
P11,98.6502,95.0
P11,99.48366,120.3
P11,118.15029,111.7
P11,141.00134,156.1
P11,78.05602,66.7
P11,98.90485,98.7
P11,98.6502,96.3
P11,96.7373,96.1
P11,141.00134,157.0
P11,140.19974,158.8
P11,115.40057,121.1
P11,98.90485,98.8
P11,78.05602,77.4
P11,78.05602,73.9
P11,115.982,114.6
P11,118.8751,118.3
P11,118.8751,120.2
P11,139.84329,137.2
P11,78.05602,74.2
P11,99.48366,89.8
P11,78.05602,76.6
P11,115.40057,98.3
P11,78.05602,73.4
P11,115.40057,107.4
P11,78.05602,72.7
P11,139.04169,141.9
P11,98.90485,92.3
P11,96.7373,94.1
P11,116.26639,107.4
P11,140.19974,139.2
P11,115.40057,106.5
P11,78.05602,74.4
P11,99.486275,100.8
P11,98.90485,98.9
P11,141.00134,157.5
P11,99.48366,117.9
P11,139.65166,136.1
P11,100.06509,137.9
P11,96.7373,90.4
P11,115.40057,126.5
P11,98.6502,92.7
P11,139.84329,142.1
P11,140.45326,140.2
P11,98.90485,100.0
P11,98.6502,100.2
P11,98.6502,100.0
P11,115.40057,115.7
P11,96.7373,92.3
P11,116.26639,105.2
P11,98.90485,92.4
P11,98.90485,101.7
P11,140.19974,136.1
P11,78.05602,66.6
P11,117.38878,124.5
P11,139.65166,139.9
P11,78.05602,73.5
P11,96.7373,95.0
P11,99.48366,117.9
P11,115.40057,121.1
P11,115.982,122.0
P11,96.7373,95.5
P11,98.90485,97.2
P11,96.7373,98.8
P11,96.7373,90.8
P11,96.7373,94.5
P11,99.486275,102.7
P11,98.90485,97.5
P11,99.48366,89.0
P11,78.05602,67.9
P11,99.486275,102.1
P11,78.05602,75.7
P11,141.00134,151.1
P11,98.38029,96.7
P11,78.05602,76.1
P11,99.48366,97.6
P11,115.982,121.1
P11,115.982,116.4
P11,98.6502,104.6
P11,140.19974,136.9
P11,98.6502,94.7
P11,115.40057,111.6
P11,98.6502,87.4
P11,78.05602,72.8
P11,140.19974,157.0
P11,96.7373,99.8
P11,98.90485,98.7
P11,98.6502,91.1
P11,98.6502,101.2
P11,115.982,119.3
P11,118.8751,144.7
P11,96.7373,98.8
P11,96.7373,95.2
P11,117.37965,118.2
P11,115.40057,119.5
P11,115.982,114.8
P11,116.26639,117.5
P11,115.982,114.5
P11,96.7373,92.3
P11,99.486275,95.8
P11,98.6502,81.3
P11,139.65166,159.8
P11,78.05602,76.3
P11,78.05602,76.5
P11,118.8751,136.0
P11,140.19974,140.3
P11,78.05602,75.7
P11,98.90485,98.6
P11,139.65166,139.3
P11,78.05602,73.8
P11,117.37965,116.3
P11,98.90485,92.3
P11,96.7373,91.9
P11,116.26639,126.1
P11,117.38878,98.3
P11,115.40057,99.1
P11,139.04169,139.7
P11,115.982,111.9
P11,115.982,118.1
P11,98.6502,87.4
P11,99.48366,101.0
P11,139.65166,144.4
P11,78.05602,69.3
P11,118.8751,139.5
P11,96.7373,90.8
P11,98.6502,101.8
P11,98.90485,96.8
P11,115.982,120.5
P11,140.19974,143.3
P11,98.90485,100.0
P11,98.90485,96.7
P11,96.7373,92.0
P11,98.90485,99.0
P11,115.40057,112.6
P11,139.04169,133.7
P11,96.7373,99.3
P11,98.90485,103.8
P11,115.982,115.4
P11,78.05602,73.6
P11,141.00134,159.8
P11,140.19974,157.6
P11,115.40057,119.9
P11,98.6502,101.2
P11,96.7373,101.1
P11,139.65166,139.7
P11,118.8751,135.3
P11,96.7373,96.7
P11,98.6502,95.4
P11,139.65166,141.6
P11,98.6502,84.3
P11,117.38878,119.0
P11,115.40057,120.3
P11,115.982,118.1
P11,115.40057,117.9
P11,97.36435,91.1
P11,96.7373,87.7
P11,96.7373,90.4
P11,115.982,116.2
P11,140.45326,157.0
P11,98.6502,95.0
P11,78.05602,73.4
P11,140.45326,162.2
P11,140.19974,157.5
P11,115.982,115.4
P11,98.6502,85.4
P11,115.40057,114.5
P11,117.38878,114.7
P11,141.00134,159.8
P11,115.40057,106.9
P11,115.40057,120.3
P11,99.48366,143.1
P11,78.63745,67.7
P11,140.19974,161.4
P11,115.982,113.6
P11,115.40057,119.0
P11,115.982,111.0
P11,98.6502,88.1
P11,99.48366,113.6
P11,78.05602,73.7
P11,140.19974,157.4
P11,115.982,118.7
P11,78.05602,71.0
P11,115.40057,119.9
P11,115.40057,113.6
P11,78.05602,73.0
P11,96.7373,92.5
P11,78.05602,75.4
P11,99.48366,113.6
P11,96.7373,96.3
P11,115.40057,106.9
P11,96.7373,96.4
P11,117.38878,120.9
P11,98.6502,97.4
P11,117.38878,121.1
P11,117.37965,118.3
P11,115.40057,117.9
P11,115.982,119.8
P11,98.6502,95.7
P11,78.05602,67.1
P11,99.48366,95.7
P11,98.6502,104.6
P11,139.65166,145.5
P11,115.982,114.6
P11,98.90485,96.8
P11,115.982,118.5
P11,96.7373,93.3
P11,78.63745,66.6
P11,78.63745,77.3
P11,118.8751,136.3
P11,98.90485,96.0
P11,78.05602,76.1
P11,115.982,116.1
P11,118.8751,136.0
P11,117.38878,121.1
P11,98.6502,97.6
P11,140.19974,141.0
P11,140.19974,134.9
P11,115.982,114.7
P11,78.05602,73.9
P11,78.05602,76.3
P11,139.65166,141.3
P11,78.05602,76.7
P11,118.8751,116.3
P11,115.982,118.1
P11,98.6502,97.9
P11,141.00134,151.1
P11,98.6502,100.0
P11,96.7373,96.8
P11,98.90485,97.6
P11,98.6502,95.4
P11,115.40057,114.9
P11,98.90485,94.9
P11,116.26639,126.0
P11,98.6502,95.5
P11,139.65166,140.3
P11,115.40057,111.7
P11,141.00134,157.7
P11,115.40057,110.1
P11,96.7373,96.7
P11,115.40057,106.9
P11,78.05602,74.1
P11,97.36435,90.4
P11,98.6502,82.9
P11,98.90485,99.2
P11,98.6502,102.4
P11,98.6502,97.4
P11,96.7373,94.5
P11,98.6502,94.2
P11,78.05602,76.0
P11,100.06509,131.7
P11,117.38878,125.1
P11,100.06509,131.7
P11,99.486275,99.2
P11,115.40057,117.3
P11,140.45326,157.9
P11,78.05602,73.7
P11,117.38878,118.5
P11,98.90485,96.9
P11,115.982,120.3
P11,96.7373,98.8
P11,115.982,111.9
P11,115.982,118.9
P11,98.6502,102.8
P11,116.26639,120.9
P11,138.46738,140.2
P11,115.982,115.1
P11,96.7373,95.9
P11,96.7373,95.1
P11,139.65166,141.6
P11,96.7373,96.7
P11,96.7373,89.4
P11,98.90485,100.8
P11,115.40057,113.5
P11,96.7373,99.8
P11,98.90485,96.9
P11,141.00134,156.8
P11,115.40057,121.1
P11,98.6502,104.5
P11,78.05602,74.2
P11,78.05602,71.5
P11,96.7373,91.0
P11,140.19974,157.0
P11,98.90485,100.6
P11,78.05602,76.3
P11,99.48366,89.8
P11,115.40057,133.5
P11,99.00034,103.9
P11,96.7373,92.2
P11,115.40057,112.6
P11,139.65166,143.3
P11,98.90485,100.8
P11,141.00134,162.2
P11,115.982,111.2
P11,115.40057,126.1
P11,98.90485,97.5
P11,140.45326,142.1
P11,115.40057,117.6
P11,96.7373,94.9
P11,98.90485,100.0
P11,99.48366,94.6
P11,115.40057,124.5
P11,96.7373,95.2
P11,141.00134,148.7
P11,78.05602,75.7
P11,115.40057,120.7
P11,99.48366,95.7
P11,98.6502,95.5
P11,99.48366,101.0
P11,78.05602,76.0
P11,96.7373,91.6
P11,98.6502,98.4
P11,115.40057,111.5
P11,96.7373,98.2
P11,78.05602,73.5
P11,98.6502,98.7
P11,115.40057,120.5
P11,115.982,115.1
P11,99.486275,102.5
P11,115.982,112.5
P11,99.486275,97.3
P11,78.05602,66.7
P11,96.7373,102.5
P11,118.8751,137.4
P11,117.38878,120.9
P11,117.37965,116.3
P11,115.40057,120.3
P11,96.7373,102.5
P11,98.6502,91.1
P11,98.6502,96.2
P11,98.6502,104.9
P11,96.7373,95.1
P11,115.40057,124.5
P11,117.477455,116.3
P11,141.00134,156.1
P11,97.36435,93.2
P11,78.05602,75.9
P11,98.6502,94.5
P11,118.8751,144.7
P11,96.7373,92.2
P11,141.00134,141.0
P11,78.05602,74.2
P11,99.48366,94.5
P11,115.40057,117.3
P11,78.05602,74.0
P11,99.48366,94.5
P11,98.6502,97.4
P11,115.40057,107.7
P11,139.65166,159.8
P11,99.48366,86.1
P11,78.05602,75.9
P11,115.40057,113.6
P11,115.982,115.4
P11,98.6502,98.4
P11,96.7373,93.1
P11,78.05602,73.5
P11,98.90485,92.2
P11,78.05602,72.8
P11,118.15029,124.7
P11,115.982,120.3
P11,98.90485,100.8
P11,121.492516,113.1
P11,115.40057,119.9
P11,98.418915,97.6
P11,78.05602,76.3
P11,115.40057,109.7
P11,115.40057,106.5
P11,78.05602,75.9
P11,96.7373,90.8
P11,98.90485,104.6
P11,78.05602,74.1
P11,115.148544,119.9
P11,139.84329,158.8
P11,139.65166,143.9
P11,98.6502,86.9
P11,98.6502,94.6
P11,139.04169,133.7
P11,96.7373,94.1
P11,78.05602,73.0
P11,115.40057,117.9
P11,96.7373,93.2
P11,96.7373,102.8
P11,78.05602,75.3
P11,139.04169,143.3
P11,115.40057,104.6
P11,139.04169,137.7
P11,99.48366,91.0
P11,115.40057,117.6
P11,78.05602,74.2
P11,117.38878,104.1
P11,98.90485,101.7
P11,78.05602,73.2
P11,139.65166,143.9
P11,115.982,117.3
P11,139.65166,140.0
P11,115.982,111.0
P11,78.63745,66.9
P11,98.6502,94.6
P11,99.48366,97.7
P11,96.7373,90.4
P11,118.8751,137.4
P11,78.05602,74.2
P11,118.8751,150.3
P11,140.19974,154.5
P11,99.48366,94.6
P11,78.05602,71.5
P11,100.06509,137.9
P11,78.05602,76.3
P11,96.7373,95.9
P11,97.36435,96.8
P11,98.6502,95.0
P11,98.90485,97.6
P11,96.7373,90.9
P11,96.7373,96.7
P11,98.90485,92.3
P11,98.6502,91.0
P11,78.05602,75.8
P11,115.40057,111.5
P11,99.48366,123.5
P11,115.40057,115.1
P11,115.982,111.2
P11,139.65166,140.1
P11,78.05602,76.6
P11,139.04169,141.3
P11,78.05602,76.3
P11,138.46738,140.2
P11,118.8751,113.3
P11,99.486275,104.1
P11,99.486275,107.7
P11,98.90485,97.3
P11,78.63745,66.9
P11,115.40057,120.7
P11,96.7373,92.0
P11,118.8751,137.8
P11,78.05602,69.3
P11,98.6502,95.5
P11,117.38878,126.0
P11,98.6502,104.5
P11,96.7373,90.4
P11,78.05602,73.4
P11,115.40057,105.2
P11,98.90485,92.3
P11,78.05602,74.0
P11,139.04169,134.2
P11,78.05602,74.0
P11,96.7373,92.4
P11,98.6502,86.8
P11,99.48366,111.4
P11,99.48366,87.7
P11,99.486275,102.7
P11,98.90485,97.5
P11,98.90485,100.2
P11,115.40057,103.4
P11,98.6502,94.2
P11,115.40057,111.0
P11,98.90485,101.0
P11,98.6502,96.5
P11,78.05602,74.8
P11,98.6502,96.3
P11,99.48366,92.4
P11,98.6502,85.4
P11,115.982,114.5
P11,115.982,119.3
P11,99.486275,105.9
P11,83.09284,73.6
P11,78.05602,74.2
P11,78.05602,71.5
P11,139.65166,141.0
P11,78.05602,73.8
P11,141.00134,151.1
P11,98.90485,94.8
P11,96.7373,97.3
P11,78.05602,76.1
P11,96.7373,98.2
P11,98.6502,96.2
P11,96.7373,89.3
P11,115.40057,104.1
P11,96.7373,102.5
P11,96.7373,87.7
P11,96.7373,101.2
P11,98.6502,85.4
P11,78.05602,75.3
P11,115.40057,114.9
P11,78.05602,73.3
P11,99.486275,94.9
P11,98.6502,85.4
P11,98.90485,98.7
P11,98.90485,99.2
P11,98.90485,99.5
P11,98.90485,103.8
P11,78.05602,69.7
P11,78.05602,75.9
P11,115.40057,113.1
P11,116.16209,111.7
P11,78.05602,73.8
P11,117.38878,126.1
P11,98.90485,101.3
P11,115.982,118.1
P11,98.90485,97.9
P11,134.1479,131.8
P11,140.39137,140.2
P11,78.05602,67.6
P11,78.05602,74.8
P11,139.65166,136.5
P11,117.37965,118.3
P11,115.40057,117.7
P11,98.6502,94.5
P11,139.65166,140.3
P11,115.40057,117.0
P11,115.40057,109.5
P11,141.00134,148.7
P11,78.05602,74.8
P11,78.05602,74.1
P11,115.982,121.1
P11,98.90485,98.8
P11,78.05602,69.7
P11,117.477455,148.6
P11,99.48366,110.7
P11,98.90485,92.3
P11,139.84329,157.9
P11,78.05602,66.7
P11,98.6502,83.7
P11,139.04169,141.9
P11,118.15029,117.6
P11,115.982,119.9
P11,96.7373,99.3
P11,98.6502,103.6
P11,96.7373,90.9
P11,115.982,113.3
P11,97.36435,93.7
P11,115.982,118.3
P11,96.7373,101.2
P11,115.40057,113.6
P11,98.90485,95.8
P11,117.37965,114.4
P11,98.90485,101.3
P11,115.40057,116.8
P11,78.05602,73.9
P11,139.65166,138.9
P11,140.19974,138.3
P11,139.58977,142.7
P11,139.65166,136.4
P11,98.6502,89.5
P11,78.05602,73.7
P11,122.35833,111.7
P11,98.6502,82.9
P11,96.7373,92.9
P11,115.40057,114.2
P11,98.6502,83.7
P11,96.7373,99.3
